,var,r,p-val,CI95%
0,Duodenibacillus massiliensis_Rep_695,0.026944525046841382,0.14507805725726725,[-0.01  0.06]
1,Sutterella wadsworthensis_Rep_698,0.012472321558660248,0.5000588380582869,[-0.02  0.05]
2,Sutterella_genus_Rep_704_Rep_704,0.046680408987541555,0.011558036251685212,[0.01 0.08]
3,Sutterella_genus_Rep_705_Rep_705,0.04752986341430173,0.010129866402661239,[0.01 0.08]
4,Sutterella_genus_Rep_706_Rep_706,0.06388388003137031,0.0005448173324575878,[0.03 0.1 ]
5,Sutterella wadsworthensis_A_Rep_709,0.052873702899931825,0.004225061518121123,[0.02 0.09]
6,Akkermansia muciniphila_A_Rep_720,-0.019296256955848825,0.29674724857555973,[-0.06  0.02]
7,Akkermansia muciniphila_Rep_721,0.03888825035825539,0.03542557740084306,[0.   0.08]
8,Victivallaceae_family_Rep_727,0.02193319147178447,0.23559972112096436,[-0.01  0.06]
9,Victivallis sp002998355_Rep_730,0.01072602393346405,0.5619373014251399,[-0.03  0.05]
10,Victivallis vadensis_Rep_731,0.044068477730508857,0.017129592882562866,[0.01 0.08]
11,UBA11452 sp003526375_Rep_736,0.0336596615352537,0.06868692316540354,[-0.    0.07]
12,CAG-267 sp900551865_Rep_766,-0.00247808910601105,0.8934112747639877,[-0.04  0.03]
13,CAG-267 sp001917135_Rep_767,0.018314599849976274,0.32200674666201523,[-0.02  0.05]
14,CAG-495 sp000432275_Rep_769,0.029360390952416902,0.11232229355845506,[-0.01  0.07]
15,CAG-495 sp900540425_Rep_776,0.013055891531331472,0.4802165511400447,[-0.02  0.05]
16,CAG-495 sp000436375_Rep_778,0.02381044123510931,0.1978856540101261,[-0.01  0.06]
17,CAG-495 sp001917125_Rep_779,0.015886626719236272,0.3903214348368851,[-0.02  0.05]
18,51-20 sp001917175_Rep_787,-0.00928289532087031,0.6157157794457883,[-0.05  0.03]
19,Bifidobacterium angulatum_Rep_836,0.05132831730728459,0.005484259947762584,[0.02 0.09]
20,Bifidobacterium pseudocatenulatum_Rep_838,-0.03270446045442395,0.07692997996516249,[-0.07  0.  ]
21,Bifidobacterium catenulatum_Rep_840,0.012598731724903738,0.49572413161681084,[-0.02  0.05]
22,Bifidobacterium adolescentis_Rep_842,0.03403676664509445,0.06563901103025178,[-0.    0.07]
23,Bifidobacterium bifidum_Rep_846,-0.02996216387374177,0.10514637832950333,[-0.07  0.01]
24,Bifidobacterium longum_Rep_848,-0.026898165922906257,0.1457714793568667,[-0.06  0.01]
25,Escherichia flexneri_Rep_959,-0.04274659777406162,0.020758964143579525,[-0.08 -0.01]
26,Klebsiella pneumoniae_Rep_975,0.0018209208717323276,0.9215700653082726,[-0.03  0.04]
27,CAG-312 sp000438015_Rep_33,0.034839393485318226,0.059522093356223535,[-0.    0.07]
28,CAG-312 sp900545715_Rep_41,-0.0015957038894679704,0.9312447850541359,[-0.04  0.03]
29,CAG-312 sp900545705_Rep_42,-0.016104525870198828,0.3838532493236744,[-0.05  0.02]
30,Ligilactobacillus ruminis_Rep_1042,0.045410736402907416,0.014025932979645217,[0.01 0.08]
31,Methanobrevibacter_A smithii_Rep_1094,0.01441856781999409,0.4356005442064206,[-0.02  0.05]
32,Streptococcus thermophilus_Rep_1116,0.010449718774311459,0.5720564521308027,[-0.03  0.05]
33,Streptococcus sp001556435_Rep_1119,-0.0032543924207199134,0.8603226081049543,[-0.04  0.03]
34,Streptococcus salivarius_Rep_1120,-0.012052600033216204,0.5145943843664919,[-0.05  0.02]
35,Holdemania massiliensis_Rep_1207,-0.0006236642336863998,0.9730995098337697,[-0.04  0.04]
36,Holdemania filiformis_Rep_1208,-0.008626552822126744,0.6408997156428798,[-0.04  0.03]
37,Catenibacterium mitsuokai_Rep_1228,-0.032104237808572446,0.08251002116598152,[-0.07  0.  ]
38,Catenibacterium sp000437715_Rep_1229,-0.015192956267105425,0.41134931406027186,[-0.05  0.02]
39,Erysipelatoclostridium sp003024675_Rep_1237,0.024749218717109393,0.18077246401155142,[-0.01  0.06]
40,Erysipelatoclostridium sp000752095_Rep_1240,0.08520586949817475,3.922910294001096e-06,[0.05 0.12]
41,Holdemanella sp002299315_Rep_1250,0.028733615785515497,0.12020106758161224,[-0.01  0.06]
42,Holdemanella biformis_Rep_1256,-0.017747116680988585,0.33723062673711657,[-0.05  0.02]
43,Merdibacter sp900543035_Rep_1271,-0.022798618211328694,0.21762507350229607,[-0.06  0.01]
44,Intestinibacter bartlettii_Rep_1379,-0.01412536130524274,0.4449936390375615,[-0.05  0.02]
45,Romboutsia timonensis_Rep_1384,0.07572427718859899,4.126966311155317e-05,[0.04 0.11]
46,Clostridium sp001916075_Rep_1397,0.03708440502315011,0.04487529992226254,[0.   0.07]
47,Clostridium sp900540255_Rep_1403,0.057109304640169944,0.001998950924090205,[0.02 0.09]
48,CAG-793 sp000433915_Rep_1443,0.07616238640330124,3.7227535041744404e-05,[0.04 0.11]
49,CAG-452 sp000434035_Rep_1448,0.012339747266128397,0.5046264221732301,[-0.02  0.05]
50,CAG-245_genus_Rep_1453_Rep_1453,0.03813795116527764,0.039127205910804166,[0.   0.07]
51,CAG-245 sp000435175_Rep_1454,0.09010527713903171,1.0508395453672944e-06,[0.05 0.13]
52,CAG-245_genus_Rep_1455_Rep_1455,0.04194794924801304,0.02326229447212745,[0.01 0.08]
53,CAG-273 sp000438355_Rep_1461,0.010803906716805046,0.5591006928476067,[-0.03  0.05]
54,CAG-273 sp000435755_Rep_1464,0.05163367613619705,0.005211436927534885,[0.02 0.09]
55,CAG-273 sp003534295_Rep_1468,0.02430206874787874,0.18878147947133,[-0.01  0.06]
56,CAG-492 sp000434335_Rep_1482,0.02346490625262789,0.20447384065375496,[-0.01  0.06]
57,CAG-269 sp003525075_Rep_1496,0.043549690471186876,0.018481706997446397,[0.01 0.08]
58,CAG-269 sp001916055_Rep_1501,0.05329774149554644,0.0039287494310852045,[0.02 0.09]
59,CAG-269 sp001916005_Rep_1507,0.04672462491386564,0.011479507928789044,[0.01 0.08]
60,CAG-269 sp000438255_Rep_1509,0.055237665732652326,0.002799383730192554,[0.02 0.09]
61,CAG-269 sp900551615_Rep_1510,0.04345864673891367,0.018728387634421445,[0.01 0.08]
62,CAG-269 sp001916065_Rep_1511,0.051232544066057074,0.0055724453286645406,[0.02 0.09]
63,CAG-269 sp000437215_Rep_1516,0.021322544065355453,0.24889879075484955,[-0.01  0.06]
64,CAG-269 sp001916035_Rep_1517,0.019843282908458715,0.2832621212454868,[-0.02  0.06]
65,CAG-269 sp000431335_Rep_1523,0.04141467171203817,0.02507615301195327,[0.01 0.08]
66,CAG-611 sp000434175_Rep_1537,0.05164799286246882,0.005198951752047,[0.02 0.09]
67,CAG-302 sp900543825_Rep_1549,0.045519612860386416,0.013797426259937188,[0.01 0.08]
68,CAG-302 sp000431795_Rep_1551,0.052853618078311834,0.004239586418298783,[0.02 0.09]
69,CAG-302 sp001916775_Rep_1555,0.049060396048937326,0.007948149544369405,[0.01 0.09]
70,CAG-417 sp000432835_Rep_1579,0.03836852700433521,0.03795620274950539,[0.   0.07]
71,UMGS995 sp900547465_Rep_1582,0.05496498745689591,0.0029378005490112713,[0.02 0.09]
72,CAG-433 sp900546245_Rep_1596,0.02340289406071641,0.20567288869624883,[-0.01  0.06]
73,CAG-433 sp000433675_Rep_1597,0.024256399435820367,0.18961396665013322,[-0.01  0.06]
74,CAG-594 sp900547225_Rep_1600,0.06204227778023679,0.0007855868750985194,[0.03 0.1 ]
75,CAG-460 sp000437355_Rep_1642,0.03632265919350345,0.04946140275689013,[0.   0.07]
76,CAG-460 sp900544625_Rep_1643,0.049340585304754915,0.0075977452490212025,[0.01 0.09]
77,CAG-313 sp000433035_Rep_1675,0.0037744237178498168,0.8382897691034641,[-0.03  0.04]
78,CAG-313 sp003539625_Rep_1676,0.039446892018166105,0.03286732694642834,[0.   0.08]
79,CAG-307 sp001916215_Rep_1689,0.055927210942633615,0.002475506105022126,[0.02 0.09]
80,CAG-288 sp000437395_Rep_1692,0.08793443539780553,1.8998809795685077e-06,[0.05 0.12]
81,CAG-345 sp000433315_Rep_1693,0.06562151341697532,0.00038239532338005976,[0.03 0.1 ]
82,CAG-449 sp900551385_Rep_1697,0.06058547183336557,0.001042375752281126,[0.02 0.1 ]
83,Odoribacter splanchnicus_Rep_81,0.0014572706136050384,0.9371966436296021,[-0.03  0.04]
84,Odoribacter laneus_Rep_84,-0.029186324941948394,0.11446839136595288,[-0.07  0.01]
85,CAG-196 sp002102975_Rep_1723,0.021225344683207404,0.2510631328128903,[-0.02  0.06]
86,Zag1 sp001765415_Rep_1770,0.05089404320939258,0.0058944680986795445,[0.01 0.09]
87,Butyricimonas faecalis_Rep_92,0.0511526257752038,0.005647008492216929,[0.01 0.09]
88,Butyricimonas virosa_Rep_93,0.01489444898061193,0.4206012400703911,[-0.02  0.05]
89,Butyricimonas virosa_Rep_94,-0.009350449920794278,0.6131485259435676,[-0.05  0.03]
90,Butyricimonas faecihominis_Rep_95,0.002522931061621921,0.8914943336527033,[-0.03  0.04]
91,Butyricimonas sp002161485_Rep_96,-0.008414079754060892,0.649143556766824,[-0.04  0.03]
92,UMGS1975_genus_Rep_1797_Rep_1797,0.04956463836283047,0.007327573668796579,[0.01 0.09]
93,CAG-1427 sp000436075_Rep_1819,0.05447244012410174,0.0032037485342493294,[0.02 0.09]
94,CAG-1427 sp000435475_Rep_1826,-0.009276261032636214,0.6159681542953723,[-0.05  0.03]
95,CAG-1427 sp000435675_Rep_1836,0.010520235869753963,0.569465687544502,[-0.03  0.05]
96,Acidaminococcus intestini_Rep_1845,-0.022773104152915953,0.21814048476172326,[-0.06  0.01]
97,Phascolarctobacterium_A_genus_Rep_1858_Rep_1858,-0.006553802546841228,0.7230661264103674,[-0.04  0.03]
98,Phascolarctobacterium_A succinatutens_Rep_1860,-0.007099001492437812,0.7010943786084342,[-0.04  0.03]
99,Phascolarctobacterium_A_genus_Rep_1861_Rep_1861,-0.00031835500103965223,0.9862664802908293,[-0.04  0.04]
100,Phascolarctobacterium sp000436095_Rep_1867,0.000852239192533797,0.963246430671471,[-0.04  0.04]
101,Phascolarctobacterium faecium_Rep_1873,0.0011551677258915954,0.95019711475997,[-0.04  0.04]
102,Megamonas funiformis_Rep_1875,0.025531929817789973,0.16736470108113105,[-0.01  0.06]
103,Allisonella histaminiformans_Rep_1910,0.0006877210664217919,0.970337761732343,[-0.04  0.04]
104,Dialister sp900343095_Rep_1919,0.03902193455305384,0.03479840934350006,[0.   0.08]
105,Dialister sp000434475_Rep_1920,-0.02037732860243304,0.2705032613076599,[-0.06  0.02]
106,UBA1191 sp900549125_Rep_1953,0.0077122153768426445,0.6766776317353029,[-0.03  0.04]
107,Anaerovoracaceae_family_Rep_1959,-0.015045526815813918,0.4159035617576764,[-0.05  0.02]
108,QAKD01 sp003343965_Rep_1975,0.016519927933078306,0.3717053460494587,[-0.02  0.05]
109,UMGS973 sp900547295_Rep_1977,0.024843157961038215,0.17912242761164818,[-0.01  0.06]
110,CAG-238 sp900542245_Rep_1983,0.014781893823533277,0.4241212326621734,[-0.02  0.05]
111,CAG-238 sp900551415_Rep_1984,0.030169595211487415,0.10275886554058679,[-0.01  0.07]
112,CAG-238 sp000435615_Rep_1986,0.022226822310768748,0.22938699762821965,[-0.01  0.06]
113,Anaerotignum sp000436415_Rep_2000,0.02821761387597804,0.12700655134726668,[-0.01  0.06]
114,UMGS1670 sp900553995_Rep_2002,-0.006621999253723996,0.7203048082882981,[-0.04  0.03]
115,Mediterraneibacter torques_Rep_2036,-0.04692122057784639,0.011136051816460579,[-0.08 -0.01]
116,QAKL01 sp003343815_Rep_2056,0.09048831416810815,9.452384037184232e-07,[0.05 0.13]
117,CAG-81 sp900066785_Rep_2073,0.0682715749764267,0.0002192683637772839,[0.03 0.1 ]
118,CAG-81 sp900066055_Rep_2074,0.028812998361976816,0.11917991270385622,[-0.01  0.06]
119,CAG-81 sp900066535_Rep_2075,0.004650137501579659,0.8014805123669629,[-0.03  0.04]
120,CAG-81_genus_Rep_2076_Rep_2076,0.014864157705129246,0.4215468638485258,[-0.02  0.05]
121,Clostridium_Q sp003024715_Rep_2077,-0.027313244824762526,0.13965250121882936,[-0.06  0.01]
122,Hungatella_A sp003478355_Rep_2080,0.021107439388805434,0.25370610932381954,[-0.02  0.06]
123,UBA9502 sp003481825_Rep_2081,-0.000344947994720366,0.9851194126828926,[-0.04  0.04]
124,UBA9502 sp003478505_Rep_2083,0.010615234669529601,0.5659843518294864,[-0.03  0.05]
125,UBA9502 sp003480315_Rep_2084,-0.006207191901480442,0.7371556480152933,[-0.04  0.03]
126,UBA9502_genus_Rep_2085_Rep_2085,0.04374673543643822,0.017957530955219313,[0.01 0.08]
127,CAG-81 sp000435795_Rep_2088,-0.02517936945575082,0.17330859736457463,[-0.06  0.01]
128,Enterocloster sp000431375_Rep_2101,-0.0414244126467314,0.025041953835800622,[-0.08 -0.01]
129,Enterocloster sp900541315_Rep_2102,-0.004494343882569415,0.807999428301476,[-0.04  0.03]
130,Enterocloster bolteae_Rep_2109,-0.04121721560264212,0.02577816034085216,[-0.08 -0.  ]
131,Enterocloster citroniae_Rep_2112,-0.04328809368511284,0.019198252789204322,[-0.08 -0.01]
132,KLE1615 sp900066985_Rep_2133,0.02379670423529209,0.19814457372944216,[-0.01  0.06]
133,KLE1615_genus_Rep_2134_Rep_2134,0.026654301479069026,0.14946093233996835,[-0.01  0.06]
134,CAG-127 sp900319515_Rep_2148,0.010995027988327567,0.5521693589609094,[-0.03  0.05]
135,Coprococcus sp900548215_Rep_2156,0.029093075026864413,0.1156312857917826,[-0.01  0.07]
136,Coprococcus eutactus_A_Rep_2157,0.04829134993391833,0.008985414108652246,[0.01 0.08]
137,Coprococcus eutactus_Rep_2158,0.01904541014694706,0.3030722996135298,[-0.02  0.06]
138,Coprococcus sp000154245_Rep_2160,0.013917325611508246,0.451727651577569,[-0.02  0.05]
139,AM51-8 sp003478275_Rep_2163,0.07613110581083511,3.750320966090413e-05,[0.04 0.11]
140,UBA11774 sp003507655_Rep_2166,0.03378389366301178,0.0676702411850272,[-0.    0.07]
141,Agathobacter faecis_Rep_2170,-0.017819369658263997,0.3352670059848172,[-0.05  0.02]
142,Agathobacter sp000434275_Rep_2171,0.05919922716789021,0.00135684832552873,[0.02 0.1 ]
143,CAG-45 sp900066395_Rep_2174,-0.00043547719342769897,0.981214752501871,[-0.04  0.04]
144,Roseburia sp900542495_Rep_2176,0.008256484282626588,0.6552861161673126,[-0.03  0.04]
145,Roseburia inulinivorans_Rep_2177,-0.005382486758100345,0.7710284222207548,[-0.04  0.03]
146,Roseburia intestinalis_Rep_2180,0.005459851454372246,0.7678311001692047,[-0.03  0.04]
147,Agathobacter sp900547695_Rep_2183,0.044925768371275786,0.015084814064049585,[0.01 0.08]
148,Agathobacter sp900546625_Rep_2184,0.030070814317543024,0.10389039257549205,[-0.01  0.07]
149,Agathobacter rectalis_Rep_2185,0.010306366546395005,0.5773403344573199,[-0.03  0.05]
150,CAG-45 sp000438375_Rep_2187,0.04322277263080995,0.01938091796103585,[0.01 0.08]
151,Roseburia hominis_Rep_2188,0.007665057226441597,0.6785437465969356,[-0.03  0.04]
152,CAG-194 sp000432915_Rep_2192,-0.017890298896009522,0.3333465348133178,[-0.05  0.02]
153,COE1 sp001916965_Rep_2196,0.06133617308158094,0.0009016726153795574,[0.03 0.1 ]
154,CAG-95 sp900066375_Rep_2207,0.043610987380069736,0.018317229808854456,[0.01 0.08]
155,CAG-95 sp000438155_Rep_2208,0.04338770705973895,0.018922587558008925,[0.01 0.08]
156,Lachnospiraceae_family_Rep_2211,0.04940187983310179,0.007522960913985426,[0.01 0.09]
157,Acetatifactor_genus_Rep_2213_Rep_2213,0.05029360181466702,0.006507159007893129,[0.01 0.09]
158,Acetatifactor sp003447295_Rep_2216,0.040910101667992756,0.026903779278194682,[0.   0.08]
159,Acetatifactor sp900066365_Rep_2217,0.05032862584730384,0.006469906133378969,[0.01 0.09]
160,Acetatifactor sp900066565_Rep_2219,0.02878460709381614,0.11954434653169976,[-0.01  0.06]
161,GCA-900066575 sp900066385_Rep_2225,0.009232231554781516,0.6176442280299217,[-0.03  0.05]
162,GCA-900066575 sp900553635_Rep_2226,0.07488402297842972,5.02141708117014e-05,[0.04 0.11]
163,Marvinbryantia sp900066075_Rep_2230,0.055754160679476715,0.002553396856211187,[0.02 0.09]
164,UBA7182 sp003480725_Rep_2231,0.0071329721948499595,0.699733354827938,[-0.03  0.04]
165,UBA7182 sp003481535_Rep_2232,0.03095085956914805,0.0941511551000029,[-0.01  0.07]
166,UBA7182_genus_Rep_2233_Rep_2233,0.041950522547362645,0.023253825379643288,[0.01 0.08]
167,UBA7160_genus_Rep_2236_Rep_2236,0.03042953569059819,0.09982804852774262,[-0.01  0.07]
168,UBA7160_genus_Rep_2237_Rep_2237,0.04204218175436612,0.022953901884093294,[0.01 0.08]
169,GCA-900066135 sp900543575_Rep_2238,0.04527662089704128,0.01431199518739048,[0.01 0.08]
170,GCA-900066135 sp900066135_Rep_2239,0.02387607597434643,0.19665196222131642,[-0.01  0.06]
171,Lachnospiraceae_family_Rep_2240,0.021107801315972754,0.25369796681771334,[-0.02  0.06]
172,Eisenbergiella sp900066775_Rep_2241,0.020634581120393118,0.2644999537375748,[-0.02  0.06]
173,UMGS1375 sp900066615_Rep_2247,0.002842173802072819,0.8778660424783333,[-0.03  0.04]
174,Fusicatenibacter saccharivorans_Rep_2249,0.014685129629493733,0.4271611046056565,[-0.02  0.05]
175,Ruminococcus_A sp000437095_Rep_2253,0.0543661946182889,0.00326391557225587,[0.02 0.09]
176,Ruminococcus_A sp003011855_Rep_2254,0.005477318226709371,0.7671097786991276,[-0.03  0.04]
177,CAG-303 sp000437755_Rep_2255,0.05021784684604292,0.006588395218956341,[0.01 0.09]
178,Anaerobutyricum hallii_A_Rep_2256,-0.024338699794979258,0.18811569646609297,[-0.06  0.01]
179,Anaerobutyricum hallii_Rep_2257,0.0077328314438435694,0.6758624468452846,[-0.03  0.04]
180,Anaerostipes hadrus_Rep_2259,0.004707282541950165,0.7990928091838088,[-0.03  0.04]
181,Anaerostipes hadrus_A_Rep_2261,0.08239475355885313,8.096195403528985e-06,[0.05 0.12]
182,Blautia sp000436935_Rep_2264,0.06067764511819583,0.0010240674711615183,[0.02 0.1 ]
183,Dorea sp900066555_Rep_2276,-0.0004424981897637173,0.9809119439877816,[-0.04  0.04]
184,Mediterraneibacter lactaris_Rep_2280,0.05205760279061146,0.004852991616535004,[0.02 0.09]
185,Mediterraneibacter faecis_Rep_2281,0.017237506054874625,0.3512895709119622,[-0.02  0.05]
186,Mediterraneibacter_genus_Rep_2282_Rep_2282,-0.013066430827005024,0.47986218567309835,[-0.05  0.02]
187,Bariatricus comes_Rep_2284,0.009033654566549445,0.6252281234999515,[-0.03  0.05]
188,Bariatricus comes_Rep_2285,-0.013791904083512932,0.45581515691529095,[-0.05  0.02]
189,Mediterraneibacter_genus_Rep_2286_Rep_2286,0.0019530765480970567,0.9158983137681361,[-0.03  0.04]
190,Dorea longicatena_B_Rep_2288,0.030389779139254832,0.10027193604767673,[-0.01  0.07]
191,Dorea longicatena_Rep_2289,-0.007374381181576448,0.6900893682744071,[-0.04  0.03]
192,Dorea sp000433215_Rep_2290,-0.02677936916371615,0.14755996971781962,[-0.06  0.01]
193,Dorea formicigenerans_Rep_2291,-0.019270948578365914,0.2973813620546148,[-0.06  0.02]
194,Ruminococcus_B gnavus_Rep_2297,-0.04606726999522655,0.012697142811090094,[-0.08 -0.01]
195,Eubacterium_I ramulus_Rep_2303,-0.0001466228154852812,0.9936745908637088,[-0.04  0.04]
196,Eubacterium_I ramulus_A_Rep_2304,-0.010914131375280084,0.5550980588024196,[-0.05  0.03]
197,Blautia_A sp900066505_Rep_2306,-0.02036898423723198,0.2706995383143779,[-0.06  0.02]
198,Blautia_A sp900066145_Rep_2312,0.020714832939749003,0.2626461067514903,[-0.02  0.06]
199,Blautia_A sp900066165_Rep_2313,-0.04891684560418842,0.008133219289038799,[-0.09 -0.01]
200,Blautia_A sp003474435_Rep_2316,0.007619686728763556,0.6803409830773741,[-0.03  0.04]
201,Blautia_A massiliensis_Rep_2318,-0.008767167369788558,0.6354681094859399,[-0.04  0.03]
202,Blautia_A sp900066335_Rep_2319,0.02772638379904317,0.1337602517390088,[-0.01  0.06]
203,Blautia_A sp900066205_Rep_2320,0.05674958461577008,0.002134211440034005,[0.02 0.09]
204,Blautia_A sp000285855_Rep_2321,0.017939133485318445,0.3320284281996707,[-0.02  0.05]
205,Blautia_A_genus_Rep_2323_Rep_2323,0.06377880648162182,0.0005564548586521208,[0.03 0.1 ]
206,Blautia_A wexlerae_Rep_2324,0.0019123641652657607,0.9176451327885528,[-0.03  0.04]
207,Blautia_A_genus_Rep_2325_Rep_2325,-0.0022563679199353853,0.9028985308555207,[-0.04  0.03]
208,Blautia_A sp003478765_Rep_2326,0.05907188403521563,0.0013897422853787554,[0.02 0.1 ]
209,Blautia_A sp003477525_Rep_2327,0.08228253902211187,8.329856682348368e-06,[0.05 0.12]
210,Blautia_A sp900548245_Rep_2329,0.03122963755773575,0.09122331778190779,[-0.01  0.07]
211,Blautia_A sp000436615_Rep_2330,0.03349624719557846,0.07004333387284191,[-0.    0.07]
212,Blautia_A obeum_Rep_2331,-0.025945447881122526,0.16058970834278008,[-0.06  0.01]
213,Blautia_A sp900066355_Rep_2332,0.02146945085897247,0.24565241716298844,[-0.01  0.06]
214,Blautia_A sp900120195_Rep_2333,0.01781860389424268,0.33528777850304803,[-0.02  0.05]
215,Coprococcus_A sp900548825_Rep_2342,0.025379707112330285,0.16991200612501586,[-0.01  0.06]
216,Coprococcus_A catus_Rep_2343,0.01725176805388526,0.3508911366614673,[-0.02  0.05]
217,UBA4285 sp900545225_Rep_2350,-0.001865245265114136,0.9196673275986501,[-0.04  0.03]
218,Eubacterium_G sp000432355_Rep_2351,0.024973200912311082,0.17685674266058818,[-0.01  0.06]
219,Eubacterium_G sp000434315_Rep_2352,0.04242216024872556,0.02174609230539907,[0.01 0.08]
220,Eubacterium_G ventriosum_Rep_2353,-0.0030215953637328197,0.87022222341533,[-0.04  0.03]
221,Lachnospira sp000437735_Rep_2363,0.029100697006391577,0.11553588712149404,[-0.01  0.07]
222,Lachnospira sp003537285_Rep_2367,0.040970564835614946,0.02667887820108667,[0.   0.08]
223,Lachnospira eligens_B_Rep_2368,-0.014722841935489148,0.4259748566979361,[-0.05  0.02]
224,Lachnospira rogosae_Rep_2369,-0.0017858501134228055,0.9230758856797532,[-0.04  0.03]
225,Lachnospira sp000436535_Rep_2370,0.03528138881439349,0.05636051421434236,[-0.    0.07]
226,Lachnospira sp000436475_Rep_2371,0.00781340638986212,0.6726800628930598,[-0.03  0.04]
227,Lachnospira sp900316325_Rep_2374,0.04305084173109779,0.019868982476109125,[0.01 0.08]
228,Lachnospiraceae_family_Rep_2384,0.08151303900003479,1.0114602687750028e-05,[0.05 0.12]
229,Eubacterium_F sp000433735_Rep_2385,0.09912508653467811,7.749296553369793e-08,[0.06 0.13]
230,Eubacterium_F sp003491505_Rep_2386,-0.010411643134192353,0.5734576566385036,[-0.05  0.03]
231,Eubacterium_F sp900539115_Rep_2387,0.03730005753342728,0.043644009816113646,[0.   0.07]
232,TF01-11 sp003149875_Rep_2390,0.06162358174537861,0.0008526260892656118,[0.03 0.1 ]
233,TF01-11 sp003529475_Rep_2391,-0.006138236821466687,0.7399693692006901,[-0.04  0.03]
234,TF01-11 sp003524945_Rep_2392,0.05112689251599258,0.005671208187891732,[0.01 0.09]
235,TF01-11 sp001916135_Rep_2393,0.029698541449048002,0.1082439041346334,[-0.01  0.07]
236,TF01-11 sp001414325_Rep_2399,0.03878454227512207,0.035918731634453076,[0.   0.07]
237,TF01-11 sp000436755_Rep_2400,0.009439640054113208,0.6097663208484014,[-0.03  0.05]
238,CAG-274 sp900545305_Rep_2414,0.0018691267263294853,0.9195007276992223,[-0.03  0.04]
239,CAG-274 sp000432155_Rep_2415,0.01327010509787398,0.47304206523611214,[-0.02  0.05]
240,UBA1390_genus_Rep_2423_Rep_2423,0.03929738913309691,0.03353597205233948,[0.   0.08]
241,CAG-314 sp000437915_Rep_2473,0.023425915320939555,0.20522716233550067,[-0.01  0.06]
242,UMGS1820 sp900545865_Rep_2516,0.03258527215354079,0.07801286704231683,[-0.    0.07]
243,UMGS621 sp900543915_Rep_2540,0.03340074393577813,0.07084617383189752,[-0.    0.07]
244,Borkfalkia ceftriaxoniphila_Rep_2551,-0.01243904214168773,0.5012033494557749,[-0.05  0.02]
245,UBA7597 sp003448195_Rep_2557,0.05764629352966231,0.001811615186314886,[0.02 0.09]
246,UBA7597 sp900542935_Rep_2559,0.05787579248577775,0.0017365848430336342,[0.02 0.09]
247,QALS01 sp900552625_Rep_2560,0.04445412387710595,0.016181468990390892,[0.01 0.08]
248,QALS01 sp003150575_Rep_2561,0.021994973053421542,0.2342827424266385,[-0.01  0.06]
249,QALS01 sp900555925_Rep_2562,-0.0007485738392733316,0.9677144823015285,[-0.04  0.04]
250,UBA10677 sp900543755_Rep_2586,-0.017956600949278697,0.33155777797617125,[-0.05  0.02]
251,Prevotella sp900313215_Rep_226,-0.02196801834544491,0.23485668508686203,[-0.06  0.01]
252,Prevotella copri_Rep_231,0.06928030812020215,0.00017651646605796364,[0.03 0.11]
253,Prevotella sp003447235_Rep_259,0.0016451599357002287,0.9291193648924775,[-0.03  0.04]
254,CAG-349 sp003539515_Rep_2616,0.027212835240083763,0.1411142810432866,[-0.01  0.06]
255,UBA644_family_Rep_2624,-0.003364770553126489,0.8556363731453877,[-0.04  0.03]
256,UMGS902 sp003343845_Rep_2631,0.037581586818833,0.042079614441854936,[0.   0.07]
257,UMGS1865 sp900547725_Rep_2647,0.043110832603758704,0.019697480183847912,[0.01 0.08]
258,CAG-448 sp003150135_Rep_2652,0.047670676629216466,0.00990893413847587,[0.01 0.08]
259,UMGS882_genus_Rep_2659_Rep_2659,0.03415679312221732,0.06469261517049081,[-0.    0.07]
260,UBA644 sp900547165_Rep_2663,0.05161715857990017,0.005225875013567281,[0.02 0.09]
261,UMGS874 sp900546315_Rep_2676,0.07300716194035387,7.726496559821227e-05,[0.04 0.11]
262,UMGS1696_genus_Rep_2678_Rep_2678,0.05799405883577636,0.001699045044509993,[0.02 0.09]
263,UMGS1696 sp900554225_Rep_2679,0.03040442769077525,0.10010820026571386,[-0.01  0.07]
264,UMGS911 sp900545935_Rep_2685,0.037824444759337016,0.04076846171599151,[0.   0.07]
265,CAG-272 sp000433515_Rep_2686,0.017633179445153083,0.34034208193977256,[-0.02  0.05]
266,UMGS1815 sp900550625_Rep_2688,0.07606148803031043,3.8123717132378445e-05,[0.04 0.11]
267,PeH17 sp000435055_Rep_2712,0.0032329294337581816,0.8612344213244965,[-0.03  0.04]
268,SFEL01 sp004557245_Rep_2716,0.017803986157314714,0.33568446578693323,[-0.02  0.05]
269,Phil1 sp001940855_Rep_2718,0.038590149115347326,0.036858884896481,[0.   0.07]
270,Mailhella_genus_Rep_2729_Rep_2729,0.017113891306211576,0.35475496389798744,[-0.02  0.05]
271,Mailhella sp900541395_Rep_2733,-0.06212667933034564,0.000772679590372967,[-0.1  -0.03]
272,Mailhella sp003150275_Rep_2734,-0.0342695076593057,0.06381414752081405,[-0.07  0.  ]
273,Desulfovibrio sp900556755_Rep_2740,0.044337195728068025,0.016463949400138227,[0.01 0.08]
274,Bilophila sp900550745_Rep_2745,0.010174991952634741,0.5822028103232606,[-0.03  0.05]
275,Bilophila wadsworthia_Rep_2746,-0.050297713474227256,0.006502775724670344,[-0.09 -0.01]
276,UMGS1225_genus_Rep_2756_Rep_2756,-0.001534501706608975,0.9338756834704441,[-0.04  0.03]
277,Parolsenella catena_Rep_2772,-0.00898224651983151,0.6271979811067669,[-0.05  0.03]
278,Olsenella_E sp003609875_Rep_2778,0.01573743679966252,0.39478798247770963,[-0.02  0.05]
279,QAMH01 sp900544245_Rep_2935,0.044363665442083644,0.016399626279810495,[0.01 0.08]
280,Slackia_A isoflavoniconvertens_Rep_2937,0.00535767031963331,0.7720548611227983,[-0.03  0.04]
281,UMGS1773 sp003343725_Rep_2945,0.03529034918993815,0.05629789478492518,[-0.    0.07]
282,Senegalimassilia anaerobia_Rep_2948,-0.009797602170034878,0.5962761317494158,[-0.05  0.03]
283,Adlercreutzia celatus_A_Rep_2950,-0.0038558335697798764,0.8348515556481965,[-0.04  0.03]
284,Adlercreutzia equolifaciens_Rep_2951,-0.0038838551677060447,0.8336688347848635,[-0.04  0.03]
285,CAG-110 sp000435995_Rep_2969,0.015729679493317536,0.3950210677611383,[-0.02  0.05]
286,Oscillospiraceae_family_Rep_2972,0.008204239714599952,0.6573276218443249,[-0.03  0.04]
287,UMGS1623_genus_Rep_2988_Rep_2988,-0.007994139694115528,0.6655631785487862,[-0.04  0.03]
288,Acutalibacteraceae_family_Rep_2995,-0.013441829732274441,0.46733346907383055,[-0.05  0.02]
289,UMGS1858_genus_Rep_2996_Rep_2996,0.022739183798585638,0.21882706914580663,[-0.01  0.06]
290,UMGS856 sp900546265_Rep_2997,0.013276140341721124,0.47284078909224536,[-0.02  0.05]
291,UMGS1633 sp900553645_Rep_3000,0.009435623721627307,0.6099184470993075,[-0.03  0.05]
292,UBA7102_genus_Rep_3001_Rep_3001,-0.026158859276728424,0.15717527984928434,[-0.06  0.01]
293,UBA7102_genus_Rep_3002_Rep_3002,0.049958297141996434,0.0068736815111481026,[0.01 0.09]
294,CAG-74_family_Rep_3005,-0.011339472387290325,0.5397849753805994,[-0.05  0.02]
295,UMGS1603 sp900553265_Rep_3008,0.019558903378741048,0.2902199003020679,[-0.02  0.06]
296,UBA11524 sp000437595_Rep_3012,0.07241378229590442,8.835906785344073e-05,[0.04 0.11]
297,SFFH01 sp900548125_Rep_3013,0.018741126937750173,0.31086413087768877,[-0.02  0.05]
298,SFFH01 sp900542445_Rep_3015,-0.010969176643963876,0.5531044302621442,[-0.05  0.03]
299,SFFH01 sp900542395_Rep_3016,0.042410521690163044,0.02178224968389361,[0.01 0.08]
300,SFMI01 sp004556155_Rep_3019,0.03267549234211335,0.0771920372243737,[-0.    0.07]
301,UMGS1600 sp900553315_Rep_3022,0.007857555619818966,0.6709388245206376,[-0.03  0.04]
302,Firm-11 sp900548145_Rep_3025,0.050849316201722755,0.005938248785750198,[0.01 0.09]
303,Firm-11 sp900540045_Rep_3030,-0.03488554312342631,0.059185256192643684,[-0.07  0.  ]
304,Ruminococcus_H sp003531055_Rep_3033,0.03169128364362291,0.08653622181591002,[-0.    0.07]
305,Butyricicoccus_A sp002395695_Rep_3036,0.04109767621494383,0.02621135701623665,[0.   0.08]
306,Agathobaculum butyriciproducens_Rep_3039,-0.02204380854580832,0.2332454266415323,[-0.06  0.01]
307,Agathobaculum sp900544475_Rep_3040,0.0493995759904812,0.007525759814670097,[0.01 0.09]
308,Agathobaculum sp003481705_Rep_3041,0.06821792838530367,0.00022179432631321658,[0.03 0.1 ]
309,Gemmiger qucibialis_Rep_3047,0.01334602177067256,0.47051366925445914,[-0.02  0.05]
310,Gemmiger sp900539695_Rep_3050,0.06039988160451089,0.0010801611390542584,[0.02 0.1 ]
311,Gemmiger sp900540595_Rep_3053,0.006252653322434152,0.735302510247628,[-0.03  0.04]
312,Gemmiger sp900540595_Rep_3054,0.013672807275635102,0.4597157157502956,[-0.02  0.05]
313,Gemmiger sp900540775_Rep_3055,0.06305090591225634,0.0006436514402417633,[0.03 0.1 ]
314,Gemmiger formicilis_Rep_3056,0.01124656827200646,0.5431115810922219,[-0.02  0.05]
315,SFJ001 sp004555865_Rep_3063,0.06862867986994094,0.00020312966825213394,[0.03 0.1 ]
316,Faecalibacterium_genus_Rep_3064_Rep_3064,0.03296643165656541,0.0745928508524052,[-0.    0.07]
317,Faecalibacterium prausnitzii_G_Rep_3065,-0.008008819071764388,0.6649864457425068,[-0.04  0.03]
318,Faecalibacterium prausnitzii_G_Rep_3066,-0.028244584773320917,0.1266435662881588,[-0.06  0.01]
319,Faecalibacterium prausnitzii_I_Rep_3067,0.051558512262376725,0.00527743033538,[0.02 0.09]
320,Faecalibacterium prausnitzii_C_Rep_3068,-0.033845657502095124,0.0671694065678315,[-0.07  0.  ]
321,Faecalibacterium prausnitzii_H_Rep_3070,0.03995771026141636,0.030668114971775438,[0.   0.08]
322,Faecalibacterium prausnitzii_E_Rep_3071,0.06683118095948044,0.00029738577316104,[0.03 0.1 ]
323,Faecalibacterium_genus_Rep_3072_Rep_3072,0.019037293102768978,0.30327845451135715,[-0.02  0.06]
324,Faecalibacterium_genus_Rep_3073_Rep_3073,0.007157719892067496,0.6987424536979414,[-0.03  0.04]
325,Faecalibacterium_genus_Rep_3074_Rep_3074,0.011324709788975058,0.5403128958458024,[-0.02  0.05]
326,Faecalibacterium prausnitzii_J_Rep_3075,0.053486722785395215,0.0038028740865970506,[0.02 0.09]
327,Faecalibacterium_genus_Rep_3076_Rep_3076,0.0020290640934190265,0.912639058932543,[-0.03  0.04]
328,Faecalibacterium sp003449675_Rep_3077,0.004161592325601589,0.8219670019509402,[-0.03  0.04]
329,Faecalibacterium prausnitzii_Rep_3078,-0.010596765441726271,0.5666603767352826,[-0.05  0.03]
330,Faecalibacterium prausnitzii_A_Rep_3079,0.05094890183686633,0.005841167309379048,[0.01 0.09]
331,Faecalibacterium_genus_Rep_3080_Rep_3080,0.026410208499324,0.15322473624227145,[-0.01  0.06]
332,Faecalibacterium_genus_Rep_3081_Rep_3081,0.012414490420290502,0.5020485951453426,[-0.02  0.05]
333,Faecalibacterium prausnitzii_Rep_3082,0.016229963925292808,0.38015962726959884,[-0.02  0.05]
334,Faecalibacterium sp900539945_Rep_3083,0.030292400195363577,0.1013658306796068,[-0.01  0.07]
335,Faecalibacterium_genus_Rep_3084_Rep_3084,-0.008254237283675941,0.6553738669346574,[-0.04  0.03]
336,Faecalibacterium prausnitzii_F_Rep_3085,0.005660050778074827,0.7595757115310163,[-0.03  0.04]
337,Faecalibacterium prausnitzii_D_Rep_3086,-0.03066955122798095,0.09718141965372418,[-0.07  0.01]
338,Faecalibacterium sp900539885_Rep_3087,0.08877537117412014,1.5128613832766708e-06,[0.05 0.12]
339,Faecalibacterium_genus_Rep_3088_Rep_3088,0.012204823116608404,0.509297440036973,[-0.02  0.05]
340,Oscillospiraceae_family_Rep_3092,-0.010779489292565858,0.5599892641884165,[-0.05  0.03]
341,Ruthenibacterium sp900546885_Rep_3096,-0.017753362086950577,0.33706060403918947,[-0.05  0.02]
342,Ruthenibacterium lactatiformans_Rep_3098,-0.03208513600698663,0.08269285056553097,[-0.07  0.  ]
343,Angelakisella sp900547385_Rep_3102,0.018878046743823033,0.3073417992045419,[-0.02  0.06]
344,Angelakisella sp004557855_Rep_3103,0.00016646999489555172,0.9928183916220925,[-0.04  0.04]
345,UMGS966 sp900547185_Rep_3106,-0.02073845645516888,0.2621021072598184,[-0.06  0.02]
346,CAG-279 sp000437795_Rep_280,-0.0073810351848438175,0.6898242514743691,[-0.04  0.03]
347,UBA1777_genus_Rep_3116_Rep_3116,0.051575534109962844,0.005262419524341883,[0.02 0.09]
348,UBA1777 sp003150355_Rep_3117,0.05119936209952198,0.005603295385381218,[0.01 0.09]
349,UBA1777 sp900549645_Rep_3118,0.02817936554573692,0.12752269952268827,[-0.01  0.06]
350,UBA1777 sp900547315_Rep_3119,0.0373744438233673,0.043225963138688164,[0.   0.07]
351,F23-B02 sp001916715_Rep_3128,0.04746616459494167,0.010231240391818117,[0.01 0.08]
352,CAG-170 sp003516765_Rep_3144,0.05716428765231248,0.0019789835076630046,[0.02 0.09]
353,CAG-170 sp900549635_Rep_3145,0.051099390545944395,0.005697174508888834,[0.01 0.09]
354,CAG-170 sp000436735_Rep_3147,0.041002756891760306,0.026559798833916824,[0.   0.08]
355,CAG-170 sp900553545_Rep_3148,0.07124843951797154,0.00011466377018326235,[0.04 0.11]
356,CAG-170 sp900545925_Rep_3149,0.01256463639846162,0.49689131001194775,[-0.02  0.05]
357,CAG-170_genus_Rep_3150_Rep_3150,0.026347707660401846,0.15419996067933361,[-0.01  0.06]
358,CAG-170 sp000432135_Rep_3151,0.023526086313171966,0.20329587059816717,[-0.01  0.06]
359,CAG-170 sp002404795_Rep_3152,0.020475317954545644,0.2682056413627992,[-0.02  0.06]
360,CAG-110 sp003525905_Rep_3160,0.00026266659737668826,0.988668644371104,[-0.04  0.04]
361,CAG-110 sp900544705_Rep_3162,0.01319324006163753,0.4756096416185682,[-0.02  0.05]
362,UBA738 sp003522945_Rep_3165,0.061609622043127456,0.0008549500081463025,[0.03 0.1 ]
363,ER4 sp900317525_Rep_3167,0.006055109491164183,0.7433660170705904,[-0.03  0.04]
364,ER4 sp900550165_Rep_3169,0.017385422576267757,0.3471711843051587,[-0.02  0.05]
365,ER4 sp000765235_Rep_3170,0.046537192100532254,0.011815672998652969,[0.01 0.08]
366,ER4 sp900552015_Rep_3171,0.05507595588174966,0.002880734409191693,[0.02 0.09]
367,ER4 sp003522105_Rep_3172,0.03633266127818109,0.04939873060634238,[0.   0.07]
368,CAG-103 sp900543625_Rep_3178,0.05513000770594144,0.002853305869403583,[0.02 0.09]
369,CAG-103_genus_Rep_3179_Rep_3179,0.02152273951722481,0.24448220223195696,[-0.01  0.06]
370,CAG-103 sp000432375_Rep_3180,0.015271309723450487,0.40894098258531464,[-0.02  0.05]
371,CAG-103_genus_Rep_3181_Rep_3181,0.04705635258516954,0.01090529470242009,[0.01 0.08]
372,CAG-103 sp900317855_Rep_3182,0.028675279182602733,0.1209558481628058,[-0.01  0.06]
373,CAG-103_genus_Rep_3183_Rep_3183,0.01668120789504257,0.36705386015281016,[-0.02  0.05]
374,NK3B98 sp900545815_Rep_3186,0.018140021001461917,0.326641682721702,[-0.02  0.05]
375,NK3B98_genus_Rep_3187_Rep_3187,0.008143814256158349,0.6596919936660374,[-0.03  0.04]
376,CAG-110 sp900547405_Rep_3190,0.037867237992147675,0.04054105135847569,[0.   0.07]
377,CAG-110 sp900540635_Rep_3191,0.009811206248725621,0.5957661375470171,[-0.03  0.05]
378,CAG-110 sp900544945_Rep_3198,0.04859214134568553,0.008566132211129793,[0.01 0.08]
379,CAG-110 sp900546075_Rep_3199,0.043796974663555255,0.0178259858705763,[0.01 0.08]
380,CAG-110 sp000434635_Rep_3200,0.062255601571858644,0.0007533432497762493,[0.03 0.1 ]
381,CAG-110 sp900544405_Rep_3203,0.018820804449500142,0.3088111608574605,[-0.02  0.06]
382,CAG-83 sp900552475_Rep_3210,0.05725771389001685,0.0019454743662976472,[0.02 0.09]
383,CAG-83 sp900549395_Rep_3212,0.01700568246363358,0.35780611426860165,[-0.02  0.05]
384,CAG-83 sp003539495_Rep_3214,0.03407929302025667,0.06530239855029116,[-0.    0.07]
385,CAG-83 sp000431575_Rep_3216,-0.012081788347724689,0.5135764983171034,[-0.05  0.02]
386,CAG-83 sp000435975_Rep_3217,0.010030441072028972,0.587574954692802,[-0.03  0.05]
387,CAG-83 sp001916855_Rep_3218,0.05201419762804296,0.004888639534614141,[0.02 0.09]
388,CAG-83 sp900545585_Rep_3219,0.07910078045144596,1.838563166546276e-05,[0.04 0.12]
389,CAG-83 sp900547745_Rep_3222,0.018687663155472684,0.3122467127360447,[-0.02  0.05]
390,CAG-83 sp900554275_Rep_3226,0.0024037327257436705,0.8965912896246813,[-0.03  0.04]
391,CAG-83_genus_Rep_3228_Rep_3228,-0.035249130070601,0.056586433972998465,[-0.07  0.  ]
392,CAG-83 sp000435555_Rep_3229,0.043101397072598455,0.019724368609410473,[0.01 0.08]
393,CAG-83 sp003487665_Rep_3230,0.02895665336498805,0.11734926386308213,[-0.01  0.07]
394,CAG-83 sp900548615_Rep_3232,0.04168768390382215,0.024132806860570927,[0.01 0.08]
395,Oscillibacter_genus_Rep_3240_Rep_3240,0.07476028909343571,5.167713059383647e-05,[0.04 0.11]
396,Oscillibacter sp900542115_Rep_3242,0.03310840735779173,0.07335066459007743,[-0.    0.07]
397,Oscillibacter sp900544615_Rep_3243,0.0880310821104002,1.8509814508741666e-06,[0.05 0.12]
398,Oscillibacter sp900550685_Rep_3244,0.08929733709627898,1.3120448155842094e-06,[0.05 0.13]
399,Oscillibacter sp001916835_Rep_3245,0.036278801963068784,0.04973699575997557,[0.   0.07]
400,Oscillibacter_genus_Rep_3249_Rep_3249,-0.02380682928929678,0.1979537092280256,[-0.06  0.01]
401,Oscillibacter_genus_Rep_3253_Rep_3253,0.026793353971593225,0.1473485613773315,[-0.01  0.06]
402,Oscillibacter welbionis_Rep_3257,-0.08352851151982113,6.0611683478004175e-06,[-0.12 -0.05]
403,Evtepia sp004556345_Rep_3262,0.022070863392500514,0.2326721572771135,[-0.01  0.06]
404,Evtepia gabavorous_Rep_3263,-0.022197478221113516,0.2300025762985762,[-0.06  0.01]
405,Evtepia sp900546255_Rep_3264,-0.02579699082747424,0.16299775559958482,[-0.06  0.01]
406,Flavonifractor_genus_Rep_3268_Rep_3268,-0.03530677913921543,0.05618322477052312,[-0.07  0.  ]
407,UBA9475 sp900549885_Rep_3269,0.003733457416230581,0.8400210867111786,[-0.03  0.04]
408,Flavonifractor sp900549795_Rep_3272,0.012890322300410187,0.485802198371305,[-0.02  0.05]
409,Flavonifractor plautii_Rep_3275,-0.07533402075564406,4.5217683473866923e-05,[-0.11 -0.04]
410,Intestinimonas butyriciproducens_Rep_3277,-0.010014650925351903,0.588163171880274,[-0.05  0.03]
411,Intestinimonas massiliensis_Rep_3278,-0.03181008814310467,0.08536198481880161,[-0.07  0.  ]
412,Lawsonibacter sp900066645_Rep_3281,-0.0512058738556018,0.00559722913326732,[-0.09 -0.01]
413,Pseudoflavonifractor capillosus_Rep_3282,-0.03409317698319549,0.06519281026263744,[-0.07  0.  ]
414,Lawsonibacter sp900549405_Rep_3287,0.04458137245105711,0.015878902046609456,[0.01 0.08]
415,Lawsonibacter_genus_Rep_3288_Rep_3288,0.038002717179200646,0.03982816810219515,[0.   0.07]
416,Lawsonibacter asaccharolyticus_Rep_3290,-0.00861794780399037,0.6412327358383676,[-0.04  0.03]
417,Lawsonibacter sp900066825_Rep_3295,-0.02786566579150445,0.13181771889156646,[-0.06  0.01]
418,Ruminococcaceae_family_Rep_3315,0.020846389569866855,0.25962653720807993,[-0.02  0.06]
419,Ruminococcus_C sp000980705_Rep_3342,0.013741710356567228,0.45745678660259526,[-0.02  0.05]
420,Ruminococcus_C callidus_Rep_3343,-0.014956863377473947,0.41865673644903356,[-0.05  0.02]
421,Ruminococcus_C sp000433635_Rep_3345,0.04512850444069923,0.014633886945469124,[0.01 0.08]
422,Ruminococcus_C_genus_Rep_3346_Rep_3346,0.008096077156439327,0.6615622927891103,[-0.03  0.04]
423,UMGS1783 sp900555065_Rep_3349,-0.029709912853076875,0.1081088184256487,[-0.07  0.01]
424,UBA3818 sp900557155_Rep_3357,0.05266680524797716,0.00437686960854869,[0.02 0.09]
425,Clostridium_A leptum_Rep_3364,-0.023665283846760414,0.20063415804847357,[-0.06  0.01]
426,Anaeromassilibacillus sp002159845_Rep_3368,-0.033641519325605745,0.0688364386233095,[-0.07  0.  ]
427,Negativibacillus sp900547455_Rep_3380,-0.014748447366438816,0.4251705290955352,[-0.05  0.02]
428,Negativibacillus sp000435195_Rep_3382,-0.011632775689397282,0.5293500477914312,[-0.05  0.02]
429,Anaerotruncus colihominis_Rep_3388,-0.02810050248817548,0.12859207619908392,[-0.06  0.01]
430,Anaerotruncus rubiinfantis_Rep_3389,0.0048847815473371204,0.7916883899915395,[-0.03  0.04]
431,UMGS1826 sp900555435_Rep_3396,0.04443645984894467,0.016223867671349555,[0.01 0.08]
432,UMGS1826_genus_Rep_3397_Rep_3397,0.034210429206893725,0.06427335356476369,[-0.    0.07]
433,Oscillibacter_genus_Rep_3413_Rep_3413,-0.0335439658467195,0.06964499579408956,[-0.07  0.  ]
434,Ruminococcaceae_family_Rep_3421,0.08110000887706453,1.1217576747521985e-05,[0.04 0.12]
435,CAG-41 sp900066215_Rep_3424,-0.019205369198335445,0.2990286941695323,[-0.06  0.02]
436,Ruminococcus_E bromii_B_Rep_3441,0.01841216088921427,0.31943535403723206,[-0.02  0.05]
437,Ruminococcus_E sp003526955_Rep_3443,-0.006544222578179917,0.7234543138715617,[-0.04  0.03]
438,CAG-115 sp003531585_Rep_3450,0.02528812682537979,0.17145844864334406,[-0.01  0.06]
439,Ruminiclostridium_E sp003512525_Rep_3454,0.010505231648133028,0.570016466494164,[-0.03  0.05]
440,Ruminiclostridium_E sp900539195_Rep_3456,0.033710563012226136,0.06826885224223452,[-0.    0.07]
441,Ruminiclostridium_E siraeum_Rep_3457,-0.01488105210930552,0.42101930587135716,[-0.05  0.02]
442,CAG-353 sp900066885_Rep_3477,0.05456779541897468,0.0031506107200245047,[0.02 0.09]
443,Ruminococcus sp900540005_Rep_3480,0.03357105949151234,0.06941965642468603,[-0.    0.07]
444,Ruminococcus_D sp900539095_Rep_3490,-0.025001035317676827,0.17637458030644876,[-0.06  0.01]
445,Ruminococcus_D bicirculans_Rep_3491,-0.03346616701361979,0.07029539131925738,[-0.07  0.  ]
446,Eubacterium_R sp000434995_Rep_3522,0.03048754675992696,0.09918315864275674,[-0.01  0.07]
447,Eubacterium_R sp000436835_Rep_3523,-0.016867165165503455,0.36173587946160146,[-0.05  0.02]
448,Eubacterium_R sp003526845_Rep_3524,0.03229250126162797,0.08072555849852589,[-0.    0.07]
449,CAG-217 sp000436335_Rep_3533,-0.008210720150565369,0.6570742534377086,[-0.04  0.03]
450,CAG-180 sp000432435_Rep_3541,-0.033555108169225745,0.06955225191074287,[-0.07  0.  ]
451,CAG-177 sp003538135_Rep_3547,0.021339555759689127,0.24852133559067585,[-0.01  0.06]
452,CAG-177 sp003514385_Rep_3548,0.016046774769053553,0.3855611315472749,[-0.02  0.05]
453,UBA737 sp002431945_Rep_3574,0.06379039430455875,0.000555160176516003,[0.03 0.1 ]
454,UBA737 sp900549055_Rep_3575,0.053939129101836146,0.003516284214987605,[0.02 0.09]
455,UBA737 sp900549755_Rep_3576,0.028791497137838296,0.11945582498894432,[-0.01  0.06]
456,UMGS1071 sp900541905_Rep_3588,-0.032074471793864634,0.08279506380151391,[-0.07  0.  ]
457,UMGS1071 sp900542375_Rep_3589,0.006116692096432518,0.740849220172493,[-0.03  0.04]
458,CAG-557 sp000435275_Rep_3592,0.04889150628593072,0.00816628494847395,[0.01 0.08]
459,UBA11471 sp000434215_Rep_426,0.06397323718302497,0.0005350992215990889,[0.03 0.1 ]
460,Coprobacter secundus_Rep_431,0.012099234978057429,0.5129685813643753,[-0.02  0.05]
461,Coprobacter fastidiosus_Rep_432,0.012064843567158081,0.5141672872197851,[-0.02  0.05]
462,Barnesiella intestinihominis_Rep_436,0.012048667775146002,0.514731594327053,[-0.02  0.05]
463,Paraprevotella xylaniphila_Rep_442,0.025457264465989442,0.16861054989685775,[-0.01  0.06]
464,Paraprevotella clara_Rep_443,0.032803178809380155,0.07604237233949103,[-0.    0.07]
465,Phocaeicola vulgatus_Rep_449,-0.04446019683847882,0.016166914659939153,[-0.08 -0.01]
466,Phocaeicola massiliensis_Rep_450,-0.0011444273611203699,0.9506595722333464,[-0.04  0.04]
467,Bacteroides sp900552405_Rep_455,0.01144745061800239,0.5359314654363805,[-0.02  0.05]
468,Bacteroides_genus_Rep_456_Rep_456,0.024117274831055736,0.19216667223325132,[-0.01  0.06]
469,Bacteroides cellulosilyticus_Rep_457,-0.004783654874683401,0.7959046608497264,[-0.04  0.03]
470,Bacteroides intestinalis_Rep_458,0.043831850882030815,0.0177351638614499,[0.01 0.08]
471,Bacteroides sp900556215_Rep_459,0.020861170309667464,0.25928878788924914,[-0.02  0.06]
472,Bacteroides eggerthii_Rep_466,0.012606024654963105,0.4954746642544683,[-0.02  0.05]
473,Bacteroides stercoris_Rep_467,0.003428068986064483,0.8529512457503639,[-0.03  0.04]
474,Bacteroides clarus_Rep_469,0.020376071596180927,0.2705328224965664,[-0.02  0.06]
475,Bacteroides rodentium_Rep_476,0.013515576122956154,0.46489370436972155,[-0.02  0.05]
476,Bacteroides uniformis_Rep_477,-0.04998449334392098,0.006844392652332735,[-0.09 -0.01]
477,Bacteroides sp002491635_Rep_478,0.023965073767680194,0.19498813675182042,[-0.01  0.06]
478,Bacteroides fragilis_Rep_484,-0.03770002117489924,0.041435816660839224,[-0.07 -0.  ]
479,Phocaeicola_genus_Rep_485_Rep_485,0.008586447679652897,0.642452427856962,[-0.03  0.04]
480,Bacteroides salyersiae_Rep_486,-0.03457233054673145,0.06150268869407265,[-0.07  0.  ]
481,Bacteroides nordii_Rep_487,0.01716094983053996,0.3534331989490598,[-0.02  0.05]
482,Bacteroides faecis_Rep_489,0.048416386398894055,0.008808946933817004,[0.01 0.08]
483,Bacteroides thetaiotaomicron_Rep_490,-0.060836410848511734,0.0009932278942922034,[-0.1  -0.02]
484,Bacteroides sp900066265_Rep_491,0.028670850502214844,0.12101329910239421,[-0.01  0.06]
485,Bacteroides caecimuris_Rep_493,0.005615182103294989,0.7614235677219712,[-0.03  0.04]
486,Bacteroides_genus_Rep_494_Rep_494,-0.013244052529619615,0.4739114622222904,[-0.05  0.02]
487,Bacteroides xylanisolvens_Rep_495,0.013059048378549949,0.48011039269368405,[-0.02  0.05]
488,Bacteroides sp003463205_Rep_496,0.006627510685466941,0.7200818063145734,[-0.03  0.04]
489,Bacteroides ovatus_Rep_497,-0.05416097461646972,0.003383053840784393,[-0.09 -0.02]
490,Bacteroides caccae_Rep_498,-0.026478245074733547,0.1521684731427263,[-0.06  0.01]
491,Phocaeicola_genus_Rep_519_Rep_519,0.05668641869840585,0.0021588111060326983,[0.02 0.09]
492,Phocaeicola coprocola_Rep_520,0.058647043916658904,0.0015048722966862092,[0.02 0.09]
493,Phocaeicola plebeius_A_Rep_527,0.042098302251881464,0.022771929097209674,[0.01 0.08]
494,Parabacteroides distasonis_Rep_552,-0.04528433298116826,0.014295407335371099,[-0.08 -0.01]
495,Parabacteroides goldsteinii_Rep_557,0.02067338055983605,0.2636025494830726,[-0.02  0.06]
496,Parabacteroides merdae_Rep_565,-0.0047034205986998335,0.7992541146964889,[-0.04  0.03]
497,Parabacteroides johnsonii_Rep_566,0.01723523130818759,0.35135314648116467,[-0.02  0.05]
498,UBA1820 sp002314265_Rep_587,0.05213249652437985,0.004792034990205702,[0.02 0.09]
499,Alistipes_A sp900539755_Rep_590,0.030465359684130184,0.09942941152189701,[-0.01  0.07]
500,Alistipes_A indistinctus_Rep_595,0.0131133727884373,0.4782855766493692,[-0.02  0.05]
501,Alistipes_A sp900240235_Rep_596,0.0292198127661579,0.11405302593569325,[-0.01  0.07]
502,Alistipes_A ihumii_Rep_597,-0.016489079118067528,0.3725992038934053,[-0.05  0.02]
503,Alistipes sp900546065_Rep_604,0.035211443799208306,0.056851318289160846,[-0.    0.07]
504,Alistipes putredinis_Rep_609,0.024764959831985994,0.18049518838838582,[-0.01  0.06]
505,Alistipes obesi_Rep_610,-0.024349523893629734,0.1879192962430677,[-0.06  0.01]
506,Alistipes sp900541585_Rep_613,-0.0039148021454099066,0.832363078133193,[-0.04  0.03]
507,Alistipes shahii_Rep_614,0.009302704546660419,0.6149624873619213,[-0.03  0.05]
508,Alistipes timonensis_Rep_615,-0.011502962685424641,0.5339557624218843,[-0.05  0.02]
509,Alistipes senegalensis_Rep_616,0.05520177139502852,0.002817257701425899,[0.02 0.09]
510,Alistipes finegoldii_Rep_618,-0.020186371122283827,0.2750194230067095,[-0.06  0.02]
511,Alistipes onderdonkii_Rep_620,-0.03436254616182742,0.06309646973664623,[-0.07  0.  ]
512,Alistipes sp006542685_Rep_631,0.009766989383735035,0.5974244802861419,[-0.03  0.05]
513,Tidjanibacter inops_Rep_637,0.012564856674303288,0.4968837646586579,[-0.02  0.05]
514,Oxalobacter_genus_Rep_654_Rep_654,0.00022507948991840545,0.9902900538517614,[-0.04  0.04]
515,Parasutterella excrementihominis_Rep_678,-0.015027368296231195,0.4164665479534366,[-0.05  0.02]
516,Mesosutterella multiformis_Rep_687,0.033250619806066126,0.07212341265161568,[-0.    0.07]
