,essential (primary) hypertension,essential (primary) hypertension,essential (primary) hypertension,essential (primary) hypertension,essential (primary) hypertension,essential (primary) hypertension,essential (primary) hypertension,essential (primary) hypertension,essential (primary) hypertension,acute myocardial infarction,acute myocardial infarction,acute myocardial infarction,acute myocardial infarction,acute myocardial infarction,acute myocardial infarction,acute myocardial infarction,acute myocardial infarction,acute myocardial infarction,chronic ischaemic heart disease,chronic ischaemic heart disease,chronic ischaemic heart disease,chronic ischaemic heart disease,chronic ischaemic heart disease,chronic ischaemic heart disease,chronic ischaemic heart disease,chronic ischaemic heart disease,chronic ischaemic heart disease,unspecified diabetes mellitus,unspecified diabetes mellitus,unspecified diabetes mellitus,unspecified diabetes mellitus,unspecified diabetes mellitus,unspecified diabetes mellitus,unspecified diabetes mellitus,unspecified diabetes mellitus,unspecified diabetes mellitus,asthma,asthma,asthma,asthma,asthma,asthma,asthma,asthma,asthma,obesity,obesity,obesity,obesity,obesity,obesity,obesity,obesity,obesity,insulin-dependent diabetes mellitus,insulin-dependent diabetes mellitus,insulin-dependent diabetes mellitus,insulin-dependent diabetes mellitus,insulin-dependent diabetes mellitus,insulin-dependent diabetes mellitus,insulin-dependent diabetes mellitus,insulin-dependent diabetes mellitus,insulin-dependent diabetes mellitus,non-insulin-dependent diabetes mellitus,non-insulin-dependent diabetes mellitus,non-insulin-dependent diabetes mellitus,non-insulin-dependent diabetes mellitus,non-insulin-dependent diabetes mellitus,non-insulin-dependent diabetes mellitus,non-insulin-dependent diabetes mellitus,non-insulin-dependent diabetes mellitus,non-insulin-dependent diabetes mellitus,other acute ischaemic heart diseases,other acute ischaemic heart diseases,other acute ischaemic heart diseases,other acute ischaemic heart diseases,other acute ischaemic heart diseases,other acute ischaemic heart diseases,other acute ischaemic heart diseases,other acute ischaemic heart diseases,other acute ischaemic heart diseases,nonrheumatic aortic valve disorders,nonrheumatic aortic valve disorders,nonrheumatic aortic valve disorders,nonrheumatic aortic valve disorders,nonrheumatic aortic valve disorders,nonrheumatic aortic valve disorders,nonrheumatic aortic valve disorders,nonrheumatic aortic valve disorders,nonrheumatic aortic valve disorders,nonrheumatic mitral valve disorders,nonrheumatic mitral valve disorders,nonrheumatic mitral valve disorders,nonrheumatic mitral valve disorders,nonrheumatic mitral valve disorders,nonrheumatic mitral valve disorders,nonrheumatic mitral valve disorders,nonrheumatic mitral valve disorders,nonrheumatic mitral valve disorders,cardiomyopathy,cardiomyopathy,cardiomyopathy,cardiomyopathy,cardiomyopathy,cardiomyopathy,cardiomyopathy,cardiomyopathy,cardiomyopathy,heart failure,heart failure,heart failure,heart failure,heart failure,heart failure,heart failure,heart failure,heart failure,atrial fibrillation and flutter,atrial fibrillation and flutter,atrial fibrillation and flutter,atrial fibrillation and flutter,atrial fibrillation and flutter,atrial fibrillation and flutter,atrial fibrillation and flutter,atrial fibrillation and flutter,atrial fibrillation and flutter,atherosclerosis,atherosclerosis,atherosclerosis,atherosclerosis,atherosclerosis,atherosclerosis,atherosclerosis,atherosclerosis,atherosclerosis,other chronic obstructive pulmonary disease,other chronic obstructive pulmonary disease,other chronic obstructive pulmonary disease,other chronic obstructive pulmonary disease,other chronic obstructive pulmonary disease,other chronic obstructive pulmonary disease,other chronic obstructive pulmonary disease,other chronic obstructive pulmonary disease,other chronic obstructive pulmonary disease,pulmonary oedema,pulmonary oedema,pulmonary oedema,pulmonary oedema,pulmonary oedema,pulmonary oedema,pulmonary oedema,pulmonary oedema,pulmonary oedema,migraine,migraine,migraine,migraine,migraine,migraine,migraine,migraine,migraine,other anxiety disorders,other anxiety disorders,other anxiety disorders,other anxiety disorders,other anxiety disorders,other anxiety disorders,other anxiety disorders,other anxiety disorders,other anxiety disorders,recurrent depressive disorder,recurrent depressive disorder,recurrent depressive disorder,recurrent depressive disorder,recurrent depressive disorder,recurrent depressive disorder,recurrent depressive disorder,recurrent depressive disorder,recurrent depressive disorder,other rheumatoid arthritis,other rheumatoid arthritis,other rheumatoid arthritis,other rheumatoid arthritis,other rheumatoid arthritis,other rheumatoid arthritis,other rheumatoid arthritis,other rheumatoid arthritis,other rheumatoid arthritis,gout,gout,gout,gout,gout,gout,gout,gout,gout,osteoporosis with pathological fracture,osteoporosis with pathological fracture,osteoporosis with pathological fracture,osteoporosis with pathological fracture,osteoporosis with pathological fracture,osteoporosis with pathological fracture,osteoporosis with pathological fracture,osteoporosis with pathological fracture,osteoporosis with pathological fracture,atrioventricular and left bundle-branch block,atrioventricular and left bundle-branch block,atrioventricular and left bundle-branch block,atrioventricular and left bundle-branch block,atrioventricular and left bundle-branch block,atrioventricular and left bundle-branch block,atrioventricular and left bundle-branch block,atrioventricular and left bundle-branch block,atrioventricular and left bundle-branch block,other peripheral vascular diseases,other peripheral vascular diseases,other peripheral vascular diseases,other peripheral vascular diseases,other peripheral vascular diseases,other peripheral vascular diseases,other peripheral vascular diseases,other peripheral vascular diseases,other peripheral vascular diseases,chronic renal failure,chronic renal failure,chronic renal failure,chronic renal failure,chronic renal failure,chronic renal failure,chronic renal failure,chronic renal failure,chronic renal failure,cholelithiasis,cholelithiasis,cholelithiasis,cholelithiasis,cholelithiasis,cholelithiasis,cholelithiasis,cholelithiasis,cholelithiasis,disorders of lipoprotein metabolism and other lipidaemias,disorders of lipoprotein metabolism and other lipidaemias,disorders of lipoprotein metabolism and other lipidaemias,disorders of lipoprotein metabolism and other lipidaemias,disorders of lipoprotein metabolism and other lipidaemias,disorders of lipoprotein metabolism and other lipidaemias,disorders of lipoprotein metabolism and other lipidaemias,disorders of lipoprotein metabolism and other lipidaemias,disorders of lipoprotein metabolism and other lipidaemias
,pval,r,n,m_pval,m_r,m_n,f_pval,f_r,f_n,pval,r,n,m_pval,m_r,m_n,f_pval,f_r,f_n,pval,r,n,m_pval,m_r,m_n,f_pval,f_r,f_n,pval,r,n,m_pval,m_r,m_n,f_pval,f_r,f_n,pval,r,n,m_pval,m_r,m_n,f_pval,f_r,f_n,pval,r,n,m_pval,m_r,m_n,f_pval,f_r,f_n,pval,r,n,m_pval,m_r,m_n,f_pval,f_r,f_n,pval,r,n,m_pval,m_r,m_n,f_pval,f_r,f_n,pval,r,n,m_pval,m_r,m_n,f_pval,f_r,f_n,pval,r,n,m_pval,m_r,m_n,f_pval,f_r,f_n,pval,r,n,m_pval,m_r,m_n,f_pval,f_r,f_n,pval,r,n,m_pval,m_r,m_n,f_pval,f_r,f_n,pval,r,n,m_pval,m_r,m_n,f_pval,f_r,f_n,pval,r,n,m_pval,m_r,m_n,f_pval,f_r,f_n,pval,r,n,m_pval,m_r,m_n,f_pval,f_r,f_n,pval,r,n,m_pval,m_r,m_n,f_pval,f_r,f_n,pval,r,n,m_pval,m_r,m_n,f_pval,f_r,f_n,f_n,f_pval,f_r,m_n,m_pval,m_r,n,pval,r,pval,r,n,m_pval,m_r,m_n,f_pval,f_r,f_n,pval,r,n,m_pval,m_r,m_n,f_pval,f_r,f_n,pval,r,n,m_pval,m_r,m_n,f_pval,f_r,f_n,f_n,f_pval,f_r,m_n,m_pval,m_r,n,pval,r,pval,r,n,m_pval,m_r,m_n,f_pval,f_r,f_n,pval,r,n,m_pval,m_r,m_n,f_pval,f_r,f_n,pval,r,n,m_pval,m_r,m_n,f_pval,f_r,f_n,pval,r,n,m_pval,m_r,m_n,f_pval,f_r,f_n,f_n,f_pval,f_r,m_n,m_pval,m_r,n,pval,r,pval,r,n,m_pval,m_r,m_n,f_pval,f_r,f_n
Diseases of the circulatory system,0.5524982884273303,0.0063974322687265,8627.0,0.8526789538863249,0.0029312478366436,4018.0,0.710089483172083,0.0054782269710169,4609.0,0.0206497436570419,0.0249210319373048,8627.0,0.2578598523111433,0.0178584790422487,4018.0,0.1874499747513995,0.0194238821380341,4609.0,5.31895190258836e-05,0.0435018793643261,8627.0,0.0835470655423923,0.0273099188804715,4018.0,0.0025388306110491,0.0444641733555977,4609.0,,,,,,,,,,,,,,,,,,,0.0669895199493849,0.0197256438318482,8627.0,0.1341706994636808,0.0236400124374513,4018.0,0.4552900125223823,0.0110026699653684,4609.0,,,,,,,,,,,,,,,,,,,0.0235403775506456,0.0243851652171349,8627.0,0.1592489136068708,0.0222159395220502,4018.0,0.2964940129568244,0.0153842314710654,4609.0,0.0594245130684311,0.0202994502746252,8627.0,0.1005064223700635,0.0259206113661321,4018.0,0.9504935495232594,-0.0009149752460286,4609.0,0.5982617225477393,-0.0056745946207646,8627.0,0.3032361473405903,-0.0162496419651283,4018.0,0.9350385065095218,-0.0012011719954828,4609.0,0.4980946585171811,-0.0072963582789427,8627.0,0.261791425557488,-0.0177117635681364,4018.0,0.4407563382044708,-0.0113606235972896,4609.0,0.986785194474772,-0.0001783812288216,8627.0,0.5139121017623651,-0.0103033689076548,4018.0,0.9624172761062516,0.0006944125941146,4609.0,0.7867095790478356,0.002914155655366,8627.0,0.4945232571525771,-0.0107827751738378,4018.0,0.9973663511534344,-4.8643784460890616e-05,4609.0,,,,,,,,,,,,,,,,,,,0.204135814649899,-0.0136754888923976,8627.0,0.4207700142769703,-0.0127075884756045,4018.0,0.2631491259381388,-0.0164892592536561,4609.0,,,,,,,,,,,,,,,,,,,,,,,,,,,,,,,,,,,,,,,,,,,,,,,,,,,,,,,0.4528602228506903,-0.0080842913044515,8627.0,0.3600328384786609,-0.0144470892990304,4018.0,0.8734510765398817,-0.002347252016034,4609.0,0.0050402958990824,0.0301965130359772,8627.0,0.0317303084149174,0.0338926664623965,4018.0,0.0726465144421405,0.0264489325554473,4609.0,,,,,,,,,,,,,,,,,,,,,,,,,,,
"Non-cancer illness code, self-reported: high cholesterol",0.6121497479939619,0.0054603376097974,8627.0,0.9653112805060544,0.0006864729094696,4018.0,0.4738476378979743,0.0105548203343901,4609.0,,,,,,,,,,,,,,,,,,,0.5777588087311003,-0.0059950908979314,8627.0,0.619297112853691,-0.0078424932740018,4018.0,0.6083818566223023,-0.0075508988046374,4609.0,,,,,,,,,,0.6790068509987621,-0.0044567327442886,8627.0,0.1211157761384066,-0.0244644306164217,4018.0,0.6606177672720859,0.0064703606634424,4609.0,9.344522020668696e-07,-0.0527887474670397,8627.0,0.0003108298745978,-0.056875442328019,4018.0,0.0006572463889944,-0.0501746354487722,4609.0,0.9501363509272248,0.0006734967771395,8627.0,0.7005808995048056,-0.0060697647013978,4018.0,0.6392235407551303,0.0069083924754195,4609.0,,,,,,,,,,,,,,,,,,,,,,,,,,,,,,,,,,,,,,,,,,,,,,,,,,,,,,,0.4127584185362317,0.0088208422636744,8627.0,0.9868449814138998,0.0002602612067956,4018.0,0.2185623052578908,0.018130312412792,4609.0,,,,,,,,,,,,,,,,,,,,,,,,,,,,,,,,,,,,,,,,,,,,,,,,,,,,,,,,,,,,,,,,,,,,,,,,,,,,,,,,,,,,,,,,,,,0.6989105729580709,-0.0041656580527032,8627.0,0.1117500721416189,-0.0250997712196771,4018.0,0.3075106815073709,0.0150376472917646,4609.0,,,,,,,,,,4.8621842230490916e-18,0.0930273965568091,8627.0,9.159236561383366e-07,0.0773695873077187,4018.0,1.0050956832413057e-13,0.1093178639240016,4609.0
Vascular/heart problems diagnosed by doctor: Angina,0.7045918618996704,-0.0040831384196197,8627.0,0.6145467901601387,-0.007948990032662,4018.0,0.9334141580919982,-0.0012312761523428,4609.0,0.0115758217009675,0.0271868185584049,8627.0,0.0897602021642447,0.0267766559925821,4018.0,0.1410908087483585,0.0216864816961085,4609.0,0.0226223165313019,0.0245488420958605,8627.0,0.1806197389765658,0.0211310738880029,4018.0,0.0351643981287936,0.0310354032908697,4609.0,,,,,,,,,,,,,,,,,,,0.2764438545529609,0.0117208559427515,8627.0,0.8721557410170491,0.0025400951184807,4018.0,0.1382565752531659,0.0218422497885246,4609.0,,,,,,,,,,,,,,,,,,,0.456368367318548,0.0080216677200379,8627.0,0.7786908017838952,0.004435902963793,4018.0,0.4139136599559062,0.0120400644878598,4609.0,0.3663479637128161,0.0097285315498738,8627.0,0.168667623826571,0.021725139480665,4018.0,0.9444523122156924,-0.001026799963689,4609.0,0.4237287162950467,-0.0086153657881119,8627.0,0.6565591542980568,-0.0070189092501564,4018.0,0.4682620527971989,-0.0106885758666311,4609.0,0.3905428443225875,0.009247131654376,8627.0,0.5601500440893585,0.0091963092760501,4018.0,0.8561491913921364,0.0026714905469597,4609.0,0.3483347085607789,0.0100999445872216,8627.0,0.32116680204445,0.0156585298908815,4018.0,0.8550229104768969,0.0026926403131483,4609.0,0.4147738237698631,-0.0087828539170878,8627.0,0.7560133160393837,-0.0049046190844905,4018.0,0.2179713197736238,-0.0181535973495769,4609.0,,,,,,,,,,,,,,,,,,,0.743151684856455,-0.0035290724145453,8627.0,0.9976575232136404,4.634194128247192e-05,4018.0,0.6424949753761118,-0.006841025397953,4609.0,,,,,,,,,,,,,,,,,,,,,,,,,,,,,,,,,,,,,,,,,,,,,,,,,,,,,,,0.0804388013359031,-0.0188255522405447,8627.0,0.2054186502928092,-0.0199856916623876,4018.0,0.2314109195235101,-0.0176348592154361,4609.0,0.5518950950586381,0.0064071474484853,8627.0,0.6102658094771195,0.0080452754143136,4018.0,0.7049143342269109,0.0055807812485134,4609.0,,,,,,,,,,,,,,,,,,,,,,,,,,,
Illnesses of siblings: High blood pressure,9.366234829562737e-06,0.0476972637108402,8627.0,0.0003309208571968,0.0566188613484545,4018.0,0.0078898874622638,0.0391374361472153,4609.0,0.1058676421781519,0.0174140148955603,8627.0,0.0272692316704877,0.0348365549379152,4018.0,0.6491987826806311,0.0067034204953392,4609.0,0.1139441886653776,0.0170227423171221,8627.0,0.1509601983971528,0.0226663611310423,4018.0,0.3132699945329456,0.0148597283333325,4609.0,,,,,,,,,,,,,,,,,,,0.0340154222789804,0.0228278534873778,8627.0,0.1892779630383561,0.020718734020027,4018.0,0.0384255928401323,0.0305026797039623,4609.0,,,,,,,,,,,,,,,,,,,0.2343308102186933,0.0128077745256042,8627.0,0.1873877395002223,0.0208075458940736,4018.0,0.5105130899737236,0.0096972850949874,4609.0,0.9203200344901326,-0.0010773115535986,8627.0,0.3344555811090707,0.0152342350651114,4018.0,0.4849689191901061,-0.0102910543735361,4609.0,0.7412072658836957,-0.003556777160176,8627.0,0.3203394350526979,0.0156853213435524,4018.0,0.2286055342224809,-0.0177413301299899,4609.0,0.8698357580093243,-0.0017648184873907,8627.0,0.6615493546036939,0.0069100977751493,4018.0,0.9574392710029178,0.0007864729686702,4609.0,0.7218549326627899,0.0038338364370745,8627.0,0.4806126153010861,0.011132933699362,4018.0,0.9747144782520007,0.0004671037000641,4609.0,0.4858650735848024,0.0075053894861896,8627.0,0.3097074474531937,0.0160337122983328,4018.0,0.7832408781665751,0.0040541008894855,4609.0,,,,,,,,,,,,,,,,,,,0.4823953564808076,-0.0075652097887186,8627.0,0.5555620162381227,-0.0093040730450202,4018.0,0.7877744061786689,-0.0039672081512584,4609.0,,,,,,,,,,,,,,,,,,,,,,,,,,,,,,,,,,,,,,,,,,,,,,,,,,,,,,,0.2426839934333924,-0.0125819343200492,8627.0,0.9419662484923672,-0.0011491117682867,4018.0,0.1284826557189099,-0.0223990737088772,4609.0,0.2428604160576059,0.0125772239805929,8627.0,0.899312653318113,0.0019972404603281,4018.0,0.1216948462560907,0.0228054532004576,4609.0,,,,,,,,,,,,,,,,,,,,,,,,,,,
"Non-cancer illness code, self-reported: hypertension",3.2040683352388772e-25,0.1113947839463069,8627.0,1.4275894970967778e-10,0.1009677189924973,4018.0,2.484011417738411e-17,0.1243169877393861,4609.0,0.0005261469486951,0.0373268184819951,8627.0,0.0204630464322457,0.0365728817200075,4018.0,0.0055907918791638,0.0408171633750983,4609.0,0.0047788581731954,0.0303808419685387,8627.0,0.6139938384911956,0.0079614100147246,4018.0,0.0019605370680434,0.0456041334280861,4609.0,,,,,,,,,,,,,,,,,,,0.8153877513450144,-0.0025145475336434,8627.0,0.6585081118056708,-0.006976372765233,4018.0,0.7167308539070144,0.0053470037506141,4609.0,,,,,,,,,,,,,,,,,,,0.0124387514291212,0.026913720724063,8627.0,0.8934952517627722,0.0021133073570995,4018.0,0.0017087903288344,0.0462003714802778,4609.0,0.5215942814570392,-0.0069021878104497,8627.0,0.6826084083299784,-0.0064544266239253,4018.0,0.5385727518198213,-0.0090626597857671,4609.0,0.8544277763884041,0.0019759578842487,8627.0,0.7709227002793314,0.0045959995493356,4018.0,0.8816377823851425,0.0021942371406283,4609.0,0.3531782841512002,-0.0099989076492771,8627.0,0.646202629853677,-0.0072458093016607,4018.0,0.9041946554285556,-0.0017738043876617,4609.0,0.986165618343818,0.0001867454517103,8627.0,0.8653579750590155,0.0026764254844926,4018.0,0.960962266985634,0.0007213177375389,4609.0,0.528770509625486,0.0067836609622724,8627.0,0.5657665356362317,-0.0090649691178857,4018.0,0.1078602776159409,0.0236920639100308,4609.0,,,,,,,,,,,,,,,,,,,0.6743850019473209,-0.0045247836427045,8627.0,0.9748781745985418,-0.0004970742246373,4018.0,0.6205659762008661,-0.0072954253418297,4609.0,,,,,,,,,,,,,,,,,,,,,,,,,,,,,,,,,,,,,,,,,,,,,,,,,,,,,,,0.6482807108960787,0.0049126463851628,8627.0,0.3806818541262873,0.0138369119918611,4018.0,0.8730899431524025,-0.0023540075427478,4609.0,0.5047553848468368,-0.0071836619444511,8627.0,0.0285212869847122,-0.0345589713018918,4018.0,0.2498977553181306,0.0169551277862805,4609.0,,,,,,,,,,,,,,,,,,,,,,,,,,,
Illnesses of siblings: Diabetes,0.0705717856561112,0.019472397202913,8627.0,0.0045840158566278,0.0447258493716423,4018.0,0.9079211230289752,0.0017044953826392,4609.0,,,,,,,,,,,,,,,,,,,0.0926594939163527,0.0181083253237881,8627.0,0.3701170866871354,0.0141464598864537,4018.0,0.3419093439190335,0.0140053387959125,4609.0,,,,,,,,,,0.9612106878434912,-0.0005237834232274,8627.0,0.8277071129804837,0.0034354387523902,4018.0,0.9404654742836848,0.0011006292530296,4609.0,0.0582613359714327,0.0203929781818559,8627.0,0.3851874124110397,0.013706507166756,4018.0,0.0884590077026565,0.0251017293644143,4609.0,0.1764261801351083,0.0145583175621532,8627.0,0.1510996703694558,0.0226586283463086,4018.0,0.7518696299951435,0.0046594432293928,4609.0,,,,,,,,,,,,,,,,,,,,,,,,,,,,,,,,,,,,,,,,,,,,,,,,,,,,,,,0.8782342060480958,0.0016500225733382,8627.0,0.7208343849429768,0.0056405474548674,4018.0,0.9765060002287144,0.0004339986818953,4609.0,,,,,,,,,,,,,,,,,,,,,,,,,,,,,,,,,,,,,,,,,,,,,,,,,,,,,,,,,,,,,,,,,,,,,,,,,,,,,,,,,,,,,,,,,,,0.970706020320102,-0.0003954981755985,8627.0,0.9980299192658684,-3.897469885858475e-05,4018.0,0.8696156174019323,-0.0024190253576299,4609.0,,,,,,,,,,0.2130093897409143,0.0134114128263376,8627.0,0.0330492472643707,0.0336354816204095,4018.0,0.9919317571098878,-0.0001490236038132,4609.0
"Non-cancer illness code, self-reported: heart attack/myocardial infarction",0.1289012975747653,0.0163523321480022,8627.0,0.3348739836372532,0.0152210546320231,4018.0,0.2668905212809389,0.0163606741248786,4609.0,5.903130258361064e-06,0.0487564504920113,8627.0,0.0012989622269135,0.0507344371499079,4018.0,0.0008979066607804,0.0489078952963129,4609.0,0.0035854294528047,0.0313594460347725,8627.0,0.0862567201985555,0.0270735471731256,4018.0,0.0231494033295119,0.033457742492557,4609.0,,,,,,,,,,,,,,,,,,,0.8271095356787437,0.0023522358050927,8627.0,0.8557961257559,-0.0028685307975751,4018.0,0.6089958117827473,0.0075379717774229,4609.0,,,,,,,,,,,,,,,,,,,0.0115898845768816,0.0271822253334016,8627.0,0.0862288324028432,0.0270759491509362,4018.0,0.1574017585827271,0.0208338409270345,4609.0,0.0857509076255264,0.0185036718975593,8627.0,0.1823173920383557,0.0210490891318142,4018.0,0.3002528911472177,0.0152650282386359,4609.0,0.7142700639263915,-0.0039431113853875,8627.0,0.547074028877971,-0.0095045932183967,4018.0,0.9115866389714844,-0.0016363567827695,4609.0,0.5413079409443731,-0.0065785282193778,8627.0,0.6784628650965732,-0.0065436910317852,4018.0,0.4186131543483496,-0.0119192898966047,4609.0,0.551162761015459,0.0064189496112071,8627.0,0.669282789420577,0.0067421140176511,4018.0,0.7738777164482502,0.0042340124067579,4609.0,0.2937001124688921,-0.0113083747109988,8627.0,0.8811622778887278,-0.0023597570203641,4018.0,0.0885228753375076,-0.0250966987431521,4609.0,,,,,,,,,,,,,,,,,,,0.7233335741494353,0.0038125799370421,8627.0,0.6868621622486946,0.0063630461236937,4018.0,0.912397726435309,0.0016212841813189,4609.0,,,,,,,,,,,,,,,,,,,,,,,,,,,,,,,,,,,,,,,,,,,,,,,,,,,,,,,0.8992534574212078,-0.001363507173941,8627.0,0.2027507064285104,-0.0201038828474801,4018.0,0.397711211503312,0.0124628229922884,4609.0,0.2827570621713872,0.0115679802536527,8627.0,0.4595498880561609,0.0116738351434895,4018.0,0.4321075579821621,0.0115768474765046,4609.0,,,,,,,,,,,,,,,,,,,,,,,,,,,
Illnesses of mother: Diabetes,0.0348803117484291,0.0227186506130053,8627.0,0.4656034451327472,0.0115169965385738,4018.0,0.0180364928885365,0.0348404553911909,4609.0,,,,,,,,,,,,,,,,,,,5.141957273581405e-09,0.0628605879256721,8627.0,0.0913815069244882,0.0266424128933343,4018.0,4.202679284015762e-10,0.0918571126218725,4609.0,,,,,,,,,,0.9056151470588208,0.0012769895029037,8627.0,0.4989936894695127,0.0106713707234831,4018.0,0.9995100021713328,9.05029803991068e-06,4609.0,0.0001230609950846,0.0413378723197107,8627.0,0.1972360051261486,0.0203518269265731,4018.0,6.080481158930313e-05,0.0590388525763481,4609.0,1.1593966189307271e-08,0.0613902542351153,8627.0,0.0023526099994461,0.0479845918037907,4018.0,1.6107392792009511e-06,0.0706048416281797,4609.0,,,,,,,,,,,,,,,,,,,,,,,,,,,,,,,,,,,,,,,,,,,,,,,,,,,,,,,0.1826042041695894,0.0143530596279749,8627.0,0.9003294316366494,-0.0019769652860275,4018.0,0.112065782071868,0.0234135139840803,4609.0,,,,,,,,,,,,,,,,,,,,,,,,,,,,,,,,,,,,,,,,,,,,,,,,,,,,,,,,,,,,,,,,,,,,,,,,,,,,,,,,,,,,,,,,,,,0.460467087877109,0.0079488435357943,8627.0,0.871737796049711,-0.0025484715105878,4018.0,0.2576774495837644,0.0166796035473561,4609.0,,,,,,,,,,0.028802711384216,0.0235414697835651,8627.0,0.1026924339595444,0.0257555080053742,4018.0,0.1964121370766976,0.0190361249662182,4609.0
Pulse wave reflection index,0.0840668808194858,0.0186039216459767,8627.0,0.3020858438608353,0.0162883435885238,4018.0,0.2499689847284418,0.0169525782157923,4609.0,0.0571451179509934,0.0204842001622197,8627.0,0.3098255191195248,0.0160298004247105,4018.0,0.1658129640466545,0.0204201498026546,4609.0,0.4579493627103799,0.0079935340385857,8627.0,0.5567612237245015,-0.0092758643440493,4018.0,0.18489713473365,0.0195368276262156,4609.0,,,,,,,,,,,,,,,,,,,0.0838044224439374,-0.0186196917552404,8627.0,0.0012199029675576,-0.0510176382245634,4018.0,0.616975237957829,0.0073704840574243,4609.0,,,,,,,,,,,,,,,,,,,0.6997652321674555,0.0041532287743695,8627.0,0.9113888411607522,-0.0017566372359159,4018.0,0.6581594466228031,0.0065203961749832,4609.0,0.4665832960830112,-0.0078408438657464,8627.0,0.3777932430507816,-0.0139210162731841,4018.0,0.7690554246852499,-0.0043269169068746,4609.0,0.9820655612518026,-0.000242098936064,8627.0,0.7728587948238235,-0.0045560540368238,4018.0,0.7386479460737274,0.0049168834352589,4609.0,0.4408449391618305,-0.008300883527002,8627.0,0.4011729022144893,-0.0132511829667274,4018.0,0.8321163075159639,0.0031240588815772,4609.0,0.3715963542859528,-0.0096224760173223,8627.0,0.3749096970066647,-0.0140053690447148,4018.0,0.716056273571569,-0.0053603129199191,4609.0,0.7202468104845328,-0.0038569712785866,8627.0,0.1282603041664942,-0.0240051523141753,4018.0,0.3998760847712821,0.0124057472211209,4609.0,,,,,,,,,,,,,,,,,,,0.218993825724244,-0.0132377732517902,8627.0,0.4509884577596879,-0.0118976385656287,4018.0,0.3481928103227799,-0.0138241149209599,4609.0,,,,,,,,,,,,,,,,,,,,,,,,,,,,,,,,,,,,,,,,,,,,,,,,,,,,,,,0.1123022635090949,0.0171004708521242,8627.0,0.0281358562903072,0.034643284388285,4018.0,0.8506921760300331,0.0027740166951945,4609.0,0.166428259307424,-0.0149021533600743,8627.0,0.0076034288239654,-0.0421138786942828,4018.0,0.5425075266330397,0.0089750215866846,4609.0,,,,,,,,,,,,,,,,,,,,,,,,,,,
"Diastolic blood pressure, automated reading",2.6482705277968353e-16,0.0880159254076069,8627.0,5.2762170963640976e-08,0.085738459235607,4018.0,1.657818276974368e-10,0.0939623738008251,4609.0,0.0016909813601341,0.033804776117017,8627.0,0.0297365149106063,0.034299411403653,4018.0,0.0039882324851854,0.0424100435704624,4609.0,0.0915841320358002,0.0181682691718877,8627.0,0.2171726440465611,-0.019477845030316,4018.0,0.0010136169661255,0.0484079556042887,4609.0,,,,,,,,,,,,,,,,,,,0.1832812319305804,-0.0143308811908207,8627.0,0.1735428123427303,-0.0214791446356974,4018.0,0.7623065058682625,-0.0044572292617306,4609.0,,,,,,,,,,,,,,,,,,,0.0153547756939604,0.026100542763714,8627.0,0.7172669423805722,-0.0057158388002038,4018.0,0.0004954423441767,0.0512982087277448,4609.0,0.0018627815880818,-0.0334985338563277,8627.0,0.0270096846696496,-0.0348954685529266,4018.0,0.0183612422746658,-0.0347430368901079,4609.0,0.1643118495971855,-0.0149769156526787,8627.0,0.4948467782602003,-0.0107746949536686,4018.0,0.1999135702024958,-0.0188881557780153,4609.0,0.2316655290698248,-0.0128810308775457,8627.0,0.5710307157202688,-0.0089424348733674,4018.0,0.3837884284314822,-0.012834463777305,4609.0,0.3938050288151058,-0.0091836359751941,8627.0,0.7901297431223903,-0.0042009749368663,4018.0,0.4810320410280476,-0.0103840454607196,4609.0,0.7869093075730464,0.0029113593190216,8627.0,0.4923207049869491,-0.0108378611416463,4018.0,0.2589270940185133,0.0166358872551916,4609.0,,,,,,,,,,,,,,,,,,,0.4577628502654406,-0.007996850172071,8627.0,0.8568289809567966,0.0028477599323096,4018.0,0.2463805951327903,-0.0170816572099014,4609.0,,,,,,,,,,,,,,,,,,,,,,,,,,,,,,,,,,,,,,,,,,,,,,,,,,,,,,,0.830084011231311,-0.002311134484718,8627.0,0.9249114666632784,0.0014876962416207,4018.0,0.814680529433071,-0.0034542246725094,4609.0,0.1213419077115668,-0.0166830793645736,8627.0,0.0088016616378649,-0.0413331227019195,4018.0,0.8191012074950536,0.0033703566410153,4609.0,,,,,,,,,,,,,,,,,,,,,,,,,,,
Vascular/heart problems diagnosed by doctor: High blood pressure,7.898156705778366e-24,0.1080793689091722,8627.0,1.0578440847300058e-09,0.096071090866621,4018.0,5.681336140271047e-17,0.1229050396501377,4609.0,0.0002926895749618,0.038990084878599,8627.0,0.010278902195071,0.0404918984086197,4018.0,0.003825995245358,0.0426024229246065,4609.0,0.005101617543408,0.0301545317721268,8627.0,0.5782828809747013,0.0087745023245981,4018.0,0.0012404664006694,0.0475648188817735,4609.0,,,,,,,,,,,,,,,,,,,0.7965044161026089,-0.0027772483990764,8627.0,0.5040078527073057,-0.0105470451462326,4018.0,0.667681095347407,0.0063270085254775,4609.0,,,,,,,,,,,,,,,,,,,0.0165540867370545,0.0258052044050633,8627.0,0.9669822219507054,0.0006533864260497,4018.0,0.0010437741592391,0.0482863570666533,4609.0,0.7150044325594087,-0.003932513777583,8627.0,0.8376623299174913,-0.0032340477652922,4018.0,0.8077658195129135,-0.0035856345962491,4609.0,0.9219556174408808,0.0010551260603466,8627.0,0.7097113147475189,0.0058757339798072,4018.0,0.9163765791873548,-0.0015473686120472,4609.0,0.2871535009287151,-0.0114628815638431,8627.0,0.7855546990517239,-0.004294820708973,4018.0,0.562488411998803,-0.0085347619971443,4609.0,0.7195496818441146,-0.0038670058683164,8627.0,0.8877982678620733,-0.0022270824851439,4018.0,0.8363255614535777,-0.0030445925882814,4609.0,0.547933517256104,0.0064710838335071,8627.0,0.4132405462279946,-0.0129146311296038,4018.0,0.0675583659099768,0.0269334640062613,4609.0,,,,,,,,,,,,,,,,,,,0.7778487721235587,-0.0030384138635004,8627.0,0.9825021106872616,-0.0003461933897951,4018.0,0.7610808001790624,-0.0044809330858891,4609.0,,,,,,,,,,,,,,,,,,,,,,,,,,,,,,,,,,,,,,,,,,,,,,,,,,,,,,,0.7067818549642071,-0.0040513933458736,8627.0,0.9609769693461784,0.0007723114668242,4018.0,0.6534878778952242,-0.006615687160702,4609.0,0.3343020975930865,-0.0103978186495172,8627.0,0.0085899559134585,-0.0414638566812789,4018.0,0.2573608624008272,0.0166907020373584,4609.0,,,,,,,,,,,,,,,,,,,,,,,,,,,
"Ischaemic heart disease, wide definition",0.3454582581144608,0.0101603701310492,8627.0,0.9081782705149728,0.0018205618124812,4018.0,0.2948123425362419,0.0154378884977998,4609.0,0.000240373058011,0.0395346094554242,8627.0,0.0708530971983094,0.028508102211451,4018.0,0.001008275750785,0.0484298404946826,4609.0,0.001421839527174,0.0343475438732418,8627.0,0.039801737490667,0.0324418069735138,4018.0,0.0235965261438725,0.0333498966174782,4609.0,,,,,,,,,,,,,,,,,,,0.4441587961811464,0.0082408143552417,8627.0,0.3335152362995922,0.0152638964481715,4018.0,0.7777802303150947,0.0041589511381541,4609.0,,,,,,,,,,,,,,,,,,,0.0287582824692374,0.0235480141632248,8627.0,0.687519496138534,0.0063489441415055,4018.0,0.0378575554446741,0.0305926291098273,4609.0,0.9246741703896496,-0.0010182607219659,8627.0,0.8987189877361347,0.002009080032025,4018.0,0.772232175321222,-0.0042656957080669,4609.0,0.0262563732455901,-0.0239314140303343,8627.0,0.0022268943452699,-0.0482444932855218,4018.0,0.684066080349217,-0.0059967350192642,4609.0,0.1475014693056393,-0.0155982076731583,8627.0,0.0287764847078801,-0.0345036849800995,4018.0,0.7381819256412382,-0.0049259843082581,4609.0,0.4792351390930541,-0.0076198978811131,8627.0,0.6516877734176978,-0.007125452414102,4018.0,0.4827308971752191,-0.0103438671094781,4609.0,0.0016350312864815,-0.0339107080123097,8627.0,0.0166289444409571,-0.037788046157462,4018.0,0.0152347916814661,-0.0357515411678779,4609.0,,,,,,,,,,,,,,,,,,,0.5245480002129413,-0.0068533019942132,8627.0,0.3234067456890716,-0.015586222290349,4018.0,0.96949724433643,-0.0005635254934627,4609.0,,,,,,,,,,,,,,,,,,,,,,,,,,,,,,,,,,,,,,,,,,,,,,,,,,,,,,,0.4350616835359423,-0.0084063383087093,8627.0,0.0181216771769951,-0.0372883829870051,4018.0,0.3255011796788848,0.0144888817592104,4609.0,0.4351548087091468,0.008404633845154,8627.0,0.4952133234523366,0.0107655435789935,4018.0,0.6675646513761765,0.0063293669044654,4609.0,,,,,,,,,,,,,,,,,,,,,,,,,,,
Chest pain or discomfort,0.1405866731962545,-0.0158695183822068,8627.0,0.1968181740517183,-0.0203708183202869,4018.0,0.421781346165913,-0.0118383188399364,4609.0,0.9483682339579692,-0.000697411153917,8627.0,0.480236811301735,-0.0111424690509941,4018.0,0.7256791302325992,0.0051708653362207,4609.0,0.5815806811294344,0.0059349530286973,8627.0,0.2853906475858425,0.0168614848556151,4018.0,0.9347179286776112,0.0012071128848607,4609.0,,,,,,,,,,,,,,,,,,,0.7042134617358123,0.0040886271121827,8627.0,0.0280771547106461,0.0346562125641463,4018.0,0.1616212886523593,-0.0206242787334199,4609.0,,,,,,,,,,,,,,,,,,,0.3138163299048248,0.0108475478865029,8627.0,0.0340187288186214,0.0334519826043885,4018.0,0.6666120081598627,-0.0063486672023033,4609.0,0.5454016420894088,-0.0065120656964497,8627.0,0.6140615450166678,-0.0079598889773669,4018.0,0.7180192783436169,-0.0053215958110345,4609.0,0.7774750790618814,-0.0030436630738058,8627.0,0.6876961228572888,-0.0063451557790024,4018.0,0.9314765933473134,-0.0012671918974132,4609.0,0.649691827347296,0.0048915206252802,8627.0,0.7542355791460045,-0.0049415407286947,4018.0,0.4523624424807084,0.0110742470072476,4609.0,0.7315276013981644,-0.003695051241934,8627.0,0.9308871721400592,-0.001368992095933,4018.0,0.5927131837191608,-0.0078828170923887,4609.0,0.1332920795105051,-0.0161670922225022,8627.0,0.2910696335334829,-0.0166640605486182,4018.0,0.2832133933046439,-0.0158136964957116,4609.0,,,,,,,,,,,,,,,,,,,0.6958323835672569,-0.0042104701968052,8627.0,0.0730235658158399,-0.0282914380165815,4018.0,0.2445943326845096,0.0171464025804436,4609.0,,,,,,,,,,,,,,,,,,,,,,,,,,,,,,,,,,,,,,,,,,,,,,,,,,,,,,,0.6909276628656117,0.0042820241534983,8627.0,0.906511970771576,0.0018537506408525,4018.0,0.6715026028022111,0.0062496996491771,4609.0,0.0851446564453675,0.0185395769953486,8627.0,0.0062005366530775,0.0431825169754378,4018.0,0.898591580231313,-0.0018780910002314,4609.0,,,,,,,,,,,,,,,,,,,,,,,,,,,
Age high blood pressure diagnosed,1.197668032689513e-06,-0.0522627693520799,8627.0,0.0003861712006156,-0.0559818816448225,4018.0,0.0001447728978192,-0.0559547472770479,4609.0,0.0214267277693151,-0.0247708801905769,8627.0,0.0541147462044755,-0.0303931408283665,4018.0,0.0185619670203599,-0.0346835747846358,4609.0,0.2655645395702061,-0.011989991428436,8627.0,0.5847489055335475,-0.0086256070797978,4018.0,0.0518093111730557,-0.0286533569884524,4609.0,,,,,,,,,,,,,,,,,,,0.1101617458544488,0.0172031597714336,8627.0,0.157408243303033,0.0223144006614382,4018.0,0.5806380292783107,0.00814135883871,4609.0,,,,,,,,,,,,,,,,,,,0.1464975821587128,-0.015636983449703,8627.0,0.6839357660868112,-0.006425888826845,4018.0,0.0603614290686299,-0.0276728915710677,4609.0,0.1579545201343527,-0.015205944840067,8627.0,0.0617162558370189,-0.0294847362017142,4018.0,0.3453085880426939,-0.0139070387959632,4609.0,0.0920880012438691,-0.0181401120257534,8627.0,0.3789934183486908,-0.013886024327619,4018.0,0.0921757152816219,-0.0248137225829165,4609.0,0.0357489483971587,-0.0226112771270026,8627.0,0.4721274099534305,-0.011349233022824,4018.0,0.0417842735059333,-0.029992784975289,4609.0,0.1222946787362517,-0.0166405222413068,8627.0,0.3948137219083293,-0.013430976053288,4018.0,0.0954279143984492,-0.0245692640510639,4609.0,6.982659212964221e-05,-0.042810615930931,8627.0,0.0039213681629656,-0.0455063133599343,4018.0,0.0016279319463301,-0.0464090993217514,4609.0,,,,,,,,,,,,,,,,,,,0.0108793403294005,-0.0274207449757556,8627.0,0.0953872993483204,-0.0263187540111283,4018.0,0.0740498531507068,-0.0263202001901816,4609.0,,,,,,,,,,,,,,,,,,,,,,,,,,,,,,,,,,,,,,,,,,,,,,,,,,,,,,,0.5770706496138456,-0.006005939038783,8627.0,0.3556690457999052,-0.0145788172795636,4018.0,0.7980511845683501,0.0037707406577621,4609.0,0.9834788254038532,-0.0002230182864834,8627.0,0.3370570034202383,0.0151524569573238,4018.0,0.3317154441767845,-0.0143039382955207,4609.0,,,,,,,,,,,,,,,,,,,,,,,,,,,
"Pulse rate, automated reading",0.5163315573295864,-0.0069896436540029,8627.0,0.7475921212355584,0.0050797594156459,4018.0,0.4462106349210958,-0.0112255129709189,4609.0,0.4735761888962436,-0.0077183214913436,8627.0,0.5368264161276368,0.0097487470279187,4018.0,0.4094545704440315,-0.0121554130726646,4609.0,0.0409642675280248,-0.0220096842813815,8627.0,0.4446231783866139,-0.0120655938120772,4018.0,0.1662143471022916,-0.0204008076064367,4609.0,,,,,,,,,,,,,,,,,,,0.049007552283938,0.0211982949467516,8627.0,0.0668976077169635,0.0289173608516903,4018.0,0.2670732005740219,0.0163544276185426,4609.0,,,,,,,,,,,,,,,,,,,0.2679596521110921,-0.0119301003535125,8627.0,0.5495777997934382,-0.0094452859908915,4018.0,0.644003011332891,-0.0068100192836499,4609.0,0.0078196062594262,-0.0286392836963662,8627.0,0.6721406731033036,-0.006680229441249,4018.0,0.0259449103214808,-0.0328109596849164,4609.0,1.2693622995178034e-05,-0.0469877692828099,8627.0,0.0171689803551308,-0.0376029008941967,4018.0,0.0003368453120677,-0.052797912418095,4609.0,0.579956642739442,-0.0059604848608708,8627.0,0.7766482308539421,0.0044779544488918,4018.0,0.3832492550232029,-0.0128490198219521,4609.0,0.8707301606696002,-0.0017525838473168,8627.0,0.5891174195226064,0.0085254452480921,4018.0,0.7390492163361072,-0.0049090485646161,4609.0,7.015862227831236e-05,-0.0427984771535122,8627.0,0.4902778226973787,-0.0108890719673185,4018.0,1.0273404456332485e-05,-0.0649412039732235,4609.0,,,,,,,,,,,,,,,,,,,0.8793890622323048,-0.0016342521257339,8627.0,0.7894014968160332,0.0042159031023099,4018.0,0.8003087444115685,-0.0037276723172207,4609.0,,,,,,,,,,,,,,,,,,,,,,,,,,,,,,,,,,,,,,,,,,,,,,,,,,,,,,,0.6400971374044595,-0.0050355389153377,8627.0,0.4538435800748628,0.0118227392886545,4018.0,0.1628682785834291,-0.0205631391811966,4609.0,0.803068349377989,-0.0026857529061115,8627.0,0.8173078157315976,0.0036464125920193,4018.0,0.6462013141429861,-0.006764874753751,4609.0,,,,,,,,,,,,,,,,,,,,,,,,,,,
Illnesses of father: High blood pressure,0.0003064404318498,0.0388621573486588,8627.0,0.0014638297384465,0.0501917102989385,4018.0,0.0508481303331514,0.0287718342560163,4609.0,0.0082656777895151,0.0284375699130219,8627.0,0.0131700833623434,0.0391176345609408,4018.0,0.3485661971361913,0.0138134117088335,4609.0,0.0449503359628619,0.0215922592892835,8627.0,0.0254886816240065,0.0352508809623363,4018.0,0.723760809781947,0.0052085626809237,4609.0,,,,,,,,,,,,,,,,,,,0.2656296631872282,0.0119883580725812,8627.0,0.1516391572238729,0.0226287685046912,4018.0,0.9567501449662894,0.0007992196074887,4609.0,,,,,,,,,,,,,,,,,,,0.0531846129195399,0.0208203234664976,8627.0,0.0168570016631445,0.0377092250513243,4018.0,0.9532890576553495,0.0008632479439336,4609.0,0.4480234866384782,0.0081710825480764,8627.0,0.4134549885779954,0.012908703803098,4018.0,0.573033986887319,-0.0083054592414262,4609.0,0.8473389706815845,0.0020733482497831,8627.0,0.268387498898256,0.0174689959231159,4018.0,0.4212908872558303,-0.011850830329067,4609.0,0.2790182167752485,0.0116582335340903,8627.0,0.088258548713612,0.0269027440933054,4018.0,0.7192621640658702,-0.0052971008792706,4609.0,0.2554491420778703,0.0122471268104583,8627.0,0.3594420793174618,0.0144648633301099,4018.0,0.6880900393381622,0.0059160885332594,4609.0,0.0846676839210622,0.0185679711481144,8627.0,0.1078650581957935,0.0253756766249258,4018.0,0.7863112094234934,0.0039952375821732,4609.0,,,,,,,,,,,,,,,,,,,0.1067677546488975,0.0173692626443629,8627.0,0.1900450529056875,0.0206828788479214,4018.0,0.3505541447159986,0.0137565489610117,4609.0,,,,,,,,,,,,,,,,,,,,,,,,,,,,,,,,,,,,,,,,,,,,,,,,,,,,,,,0.0809167460541437,0.0187958977542339,8627.0,0.1522349187152554,0.0225958877647097,4018.0,0.3320129536852773,0.0142951405597167,4609.0,0.6956500644647188,0.004213126670232,8627.0,0.182464388003528,0.0210420169295952,4018.0,0.4793930964605067,-0.010422880157233,4609.0,,,,,,,,,,,,,,,,,,,,,,,,,,,
Illnesses of father: Diabetes,0.0202640349069735,0.0249974075349191,8627.0,0.7490475762007296,0.005049445381289,4018.0,0.0022319543864574,0.0450354081945975,4609.0,,,,,,,,,,,,,,,,,,,0.0018108116147886,0.033588335525158,8627.0,0.0506119694576481,0.0308480263608783,4018.0,0.0336907271935987,0.0312900750156202,4609.0,,,,,,,,,,0.7306042693780991,-0.0037082725587234,8627.0,0.5602206635040359,-0.0091946539214445,4018.0,0.5811927535421662,0.0081294271617039,4609.0,0.0294731456956518,0.0234437548052667,8627.0,0.3558439728936092,0.0145735173129169,4018.0,0.0362047592695497,0.0308610443853209,4609.0,0.0035745248396728,0.0313696825202715,8627.0,0.0489193186120287,0.0310773556611334,4018.0,0.0494519934675345,0.0289473106557509,4609.0,,,,,,,,,,,,,,,,,,,,,,,,,,,,,,,,,,,,,,,,,,,,,,,,,,,,,,,0.5352934653318924,0.0066766324902484,8627.0,0.3738327808942242,-0.0140369749363352,4018.0,0.1731524623013417,0.0200718782364969,4609.0,,,,,,,,,,,,,,,,,,,,,,,,,,,,,,,,,,,,,,,,,,,,,,,,,,,,,,,,,,,,,,,,,,,,,,,,,,,,,,,,,,,,,,,,,,,0.317521807837646,0.0107648102265433,8627.0,0.7652877144463056,0.0047124292561552,4018.0,0.2938386140124767,0.0154690509967595,4609.0,,,,,,,,,,0.1994984986720998,0.0138168265367457,8627.0,0.352159390448322,0.0146855028655914,4018.0,0.5394659012471557,0.0090427388862164,4609.0
Pulse rate,0.7534613668108321,-0.0033825610459089,8627.0,0.6803688104098125,0.0065026252257484,4018.0,0.6498767379895609,-0.006689537202667,4609.0,0.1013322707698443,-0.0176442156408289,8627.0,0.8484071653704113,0.0030172709940174,4018.0,0.0680112261704977,-0.0268891468535838,4609.0,0.0078890869456537,-0.0286071977681799,8627.0,0.3862218027612067,-0.0136767005785525,4018.0,0.0123226648666556,-0.0368707089698791,4609.0,,,,,,,,,,,,,,,,,,,0.1450056290969177,0.0156949883553686,8627.0,0.0974770518403525,0.0261542086482874,4018.0,0.4991696047017355,0.0099589645099992,4609.0,,,,,,,,,,,,,,,,,,,0.0821019545569614,-0.0187229691699706,8627.0,0.4813992213816085,-0.0111129881169115,4018.0,0.2101592327914739,-0.0184657548656777,4609.0,0.0079001611949586,-0.0286021071215495,8627.0,0.709288321878958,-0.0058847032095653,4018.0,0.0165388642952176,-0.0353106284277369,4609.0,0.0014937801066634,-0.0341937641920072,8627.0,0.4292516456960782,-0.0124769502613841,4018.0,0.0006088626899789,-0.0504808193232483,4609.0,0.6647551728978728,-0.0046671568345732,8627.0,0.3892066805644751,0.0135909614827009,4018.0,0.4268019581215091,-0.0117107309207578,4609.0,0.8630014054259066,-0.0018583828199784,8627.0,0.3970196923055461,0.013368410301132,4018.0,0.4870302503631809,-0.0102425278197453,4609.0,0.0007239422789242,-0.0363936864512373,8627.0,0.5430971031816139,-0.009599072254529,4018.0,0.0002793806650079,-0.0535114979248558,4609.0,,,,,,,,,,,,,,,,,,,0.5995692709088698,-0.0056543277644374,8627.0,0.6951566508735421,-0.0061854693162012,4018.0,0.8419713842880963,-0.0029381437426634,4609.0,,,,,,,,,,,,,,,,,,,,,,,,,,,,,,,,,,,,,,,,,,,,,,,,,,,,,,,0.3429659813597444,0.0102129851295633,8627.0,0.2896803272665759,0.0167121169335861,4018.0,0.8396157871283085,0.0029825382668372,4609.0,0.0685137309937388,-0.0196165625226138,8627.0,0.8534262113632067,-0.0029162089475654,4018.0,0.0243863317902669,-0.033163653275088,4609.0,,,,,,,,,,,,,,,,,,,,,,,,,,,
Illnesses of mother: High blood pressure,4.6679141951203255e-11,0.0707890081129371,8627.0,0.0001815575262803,0.0590369501980169,4018.0,1.4257632006053162e-08,0.083416977631364,4609.0,4.020904304781818e-07,0.054540466990586,8627.0,0.019128897192336,0.0369712314132507,4018.0,1.9774470692252492e-05,0.0628268223188963,4609.0,0.0001487930281843,0.040833713951351,8627.0,0.0857158823744539,0.0271202418630231,4018.0,0.0003468494269824,0.052685481729782,4609.0,,,,,,,,,,,,,,,,,,,0.6804624438392242,0.0044353378896081,8627.0,0.7384842031760173,-0.0052698889686429,4018.0,0.2623532289677202,0.0165167751612818,4609.0,,,,,,,,,,,,,,,,,,,2.330824431881571e-05,0.0455390367025212,8627.0,0.0287204954333453,0.0345157783128608,4018.0,0.0001617521819226,0.0555493600692714,4609.0,0.1027598396140822,0.017570888714789,8627.0,0.9386615481677164,0.0012146730813381,4018.0,0.0139803935986809,0.0362082056603243,4609.0,0.153324686737236,0.0153771704881117,8627.0,0.2974826765663467,0.0164442055019088,4018.0,0.3096876049632077,0.0149701404300067,4609.0,0.8441715068446265,0.0021169191924716,8627.0,0.8739889747580056,-0.0025033621280349,4018.0,0.7949087562594952,0.0038307437034095,4609.0,0.0022196927386846,0.032937518856971,8627.0,0.0482492161937194,0.0311699870439325,4018.0,0.0147900856728261,0.0359095122273371,4609.0,0.0486407543652943,0.0212327603404607,8627.0,0.3049423190108564,0.016192417530502,4018.0,0.0271728716106211,0.0325457601953638,4609.0,,,,,,,,,,,,,,,,,,,0.0138684822136365,0.026496135115395,8627.0,0.0275556779108015,0.0347720944093879,4018.0,0.2196873744294903,0.0180861091467039,4609.0,,,,,,,,,,,,,,,,,,,,,,,,,,,,,,,,,,,,,,,,,,,,,,,,,,,,,,,0.5707814071750261,0.0061053673738229,8627.0,0.7912630244848311,0.0041777515073977,4018.0,0.6063857070069434,0.007592968629195,4609.0,0.0052057472834458,0.0300842773168051,8627.0,0.7128757699731094,0.0058086941041972,4018.0,0.000440310809567,0.0517608435949709,4609.0,,,,,,,,,,,,,,,,,,,,,,,,,,,
"Non-cancer illness code, self-reported: diabetes",0.0055796801219299,0.0298420360228018,8627.0,0.0763125946606827,0.0279729420326706,4018.0,0.014578509416601,0.0359861434638135,4609.0,,,,,,,,,,,,,,,,,,,1.8827994028703258e-07,0.0560725708574296,8627.0,0.0132472279511055,0.0390847799671204,4018.0,6.644796117245379e-05,0.0587300794769744,4609.0,,,,,,,,,,0.8921336961504456,-0.0014604391718734,8627.0,0.7884531465101972,0.0042353487867958,4018.0,0.9422140010648614,0.0010682462943435,4609.0,6.130728835748476e-05,0.0431423603824663,8627.0,0.1454159102633975,0.0229782668730789,4018.0,5.0034166051592306e-05,0.0597120472457097,4609.0,3.5510975201074594e-07,0.0547941196579858,8627.0,0.0026012269792062,0.0475060189786676,4018.0,9.675246354326952e-05,0.0574061704021146,4609.0,,,,,,,,,,,,,,,,,,,,,,,,,,,,,,,,,,,,,,,,,,,,,,,,,,,,,,,0.0054029064740787,0.0299546656449492,8627.0,0.1382451606918515,0.0233954776489054,4018.0,0.0104840460085529,0.0377050516025392,4609.0,,,,,,,,,,,,,,,,,,,,,,,,,,,,,,,,,,,,,,,,,,,,,,,,,,,,,,,,,,,,,,,,,,,,,,,,,,,,,,,,,,,,,,,,,,,0.0730966215748891,0.0193001699644721,8627.0,0.9791069150963588,-0.0004133809837029,4018.0,0.0090362990706198,0.0384592966593766,4609.0,,,,,,,,,,0.0051109102003174,0.0301482097826629,8627.0,0.0506818762282338,0.0308386940167055,4018.0,0.0150362791126535,0.0358215492831542,4609.0
"Non-cancer illness code, self-reported: angina",0.8226955767394217,-0.0024132912931278,8627.0,0.8660344552486665,-0.0026628497793809,4018.0,0.7917282124755656,-0.0038915392633699,4609.0,0.0119007331239074,0.0270819374525889,8627.0,0.2706461249230626,0.0173868109765175,4018.0,0.0666173803609566,0.0270263364519089,4609.0,0.1745628380150603,0.0146212740275226,8627.0,0.7044891813865611,0.0059865991421601,4018.0,0.1371084142012409,0.0219060524151493,4609.0,0.1481901003622772,0.0155717253438057,8627.0,0.7122040105652444,0.005822916720939,4018.0,0.1490121391520496,0.0212635069255719,4609.0,,,,,,,,,,0.7657395603367338,0.0032088855395932,8627.0,0.5568793890866868,-0.0092730863691974,4018.0,0.2152361805098658,0.0182619574742887,4609.0,0.4761935578760433,-0.0076727191239421,8627.0,0.2291257879703395,-0.0189812775223565,4018.0,0.8868852487186153,0.0020962838283568,4609.0,0.135367210275794,0.0160811862186166,8627.0,0.8250467835614181,0.0034893498306298,4018.0,0.0601076613281979,0.0277002684692028,4609.0,0.9658398583477869,0.0004612335630966,8627.0,0.5352521542725115,-0.0097864605055783,4018.0,0.7278193711181352,0.0051288468545479,4609.0,0.4962720378407681,0.007327335346366,8627.0,0.2592084103593064,0.0178079811932018,4018.0,0.9942986210179734,-0.0001053058028777,4609.0,0.3126696351989519,-0.0108732818479613,8627.0,0.4082692100903761,-0.0130525566998245,4018.0,0.5617320795158689,-0.0085512866749379,4609.0,0.9935639922866606,-8.687399363584154e-05,8627.0,0.791679475432804,-0.0041692197843381,4018.0,0.9972959442529584,4.994421258480204e-05,4609.0,0.984842487683426,0.0002046079818808,8627.0,0.9141982446152056,0.0017007238147349,4018.0,0.8278802994895998,-0.0032041220518483,4609.0,0.0646121061138097,-0.0198999363315798,8627.0,0.451119177074891,-0.0118942035231097,4018.0,0.0368622255785275,-0.0307530462746342,4609.0,0.4642729360502847,0.0078815468902424,8627.0,0.3920949413908311,0.0135083776077398,4018.0,0.7203528286503985,0.0052756179865225,4609.0,,,,,,,,,,0.6411525108681765,-0.0050196538674485,8627.0,0.5810733783765788,-0.0087101496532894,4018.0,0.9569969496504536,-0.0007946544379805,4609.0,,,,,,,,,,,,,,,,,,,,,,,,,,,,,,,,,,,,,,,,,,,,,,,,,,,,,,,0.3938497416371225,-0.0091827678963496,8627.0,0.2565915951155551,-0.0179061372969501,4018.0,0.9105165331210846,-0.0016562453960471,4609.0,0.9655515282852034,0.0004651290345193,8627.0,0.8553747068699958,0.0028770070158019,4018.0,0.9435500275504668,-0.0010435063813967,4609.0,0.780694045239926,-0.0029984702979654,8627.0,0.4289629078453293,-0.0124847579070505,4018.0,0.7662162864135809,0.0043816949729764,4609.0,,,,,,,,,,0.0015235018334413,0.0341322153288852,8627.0,0.0541605941874204,0.0303873519145719,4018.0,0.0128518814549571,0.03665106435447,4609.0
Diagnoses - main ICD10: I25 Chronic ischaemic heart disease,0.2159041864713757,0.0133269871268053,8627.0,0.1779657914224954,0.0212603951170348,4018.0,0.6849644321075331,0.0059787151456031,4609.0,0.001027548695719,0.0353449184870601,8627.0,0.0335100738575816,0.0335476925503682,4018.0,0.0423364367462727,0.0299123084413974,4609.0,0.0022042104872943,0.0329600760689619,8627.0,0.0124809155284333,0.0394189398100712,4018.0,0.1777445590321568,0.019859554764177,4609.0,0.3630997353163062,0.0097946443847779,8627.0,0.9781447619315824,0.0004324223607041,4018.0,0.322911033515537,0.0145666445238011,4609.0,,,,,,,,,,0.1790636713481838,0.0144700465325965,8627.0,0.1160354322355259,0.0248040724774135,4018.0,0.5365311089439115,0.0091082591369327,4609.0,0.0732009390504672,-0.0192931595349108,8627.0,0.0188895298223135,-0.0370452560729563,4018.0,0.8101569710015323,-0.0035401604777448,4609.0,0.0313554031747483,0.0231792854133666,8627.0,0.0863585273382782,0.0270647838363445,4018.0,0.1787826212664545,0.019812125709692,4609.0,0.1129839574248797,0.0170680915577719,8627.0,0.6636092391143475,0.0068652777637005,4018.0,0.2429614514697604,0.0172058793651894,4609.0,0.0265121284866881,0.0238908081792525,8627.0,0.0818136704031333,0.0274644026690857,4018.0,0.2570420806213985,0.0167018870354169,4609.0,0.2705912441556939,-0.0118647185039901,8627.0,0.201881266514971,-0.0201426439251491,4018.0,0.5365153775673575,-0.0091086108296349,4609.0,0.5272562459769494,-0.0068086026644422,8627.0,0.0986107911913669,-0.0260661155513393,4018.0,0.913091429834728,0.0016083942971338,4609.0,0.3909946977228358,0.0092383175589146,8627.0,0.2221756966644634,0.0192676821735238,4018.0,0.6450298043721098,-0.0067889250502782,4609.0,0.0928749918743477,-0.0180963800802202,8627.0,0.1611631679954374,-0.0221144510330178,4018.0,0.0878056882812046,-0.0251533578118556,4609.0,0.1114533817624102,0.0171410086324054,8627.0,0.0734546391866782,0.0282490354745924,4018.0,0.6388519326967217,0.0069160539308654,4609.0,,,,,,,,,,0.7413763056456883,-0.0035543676923288,8627.0,0.4386883680519564,-0.0122234302068113,4018.0,0.7679684669281586,0.0043478814663563,4609.0,,,,,,,,,,,,,,,,,,,,,,,,,,,,,,,,,,,,,,,,,,,,,,,,,,,,,,,0.3994745415272785,-0.0090740361862827,8627.0,0.0683521082042545,-0.0287646141739025,4018.0,0.6445931380171936,0.006797894135792,4609.0,0.2095486197926652,0.0135134390961736,8627.0,0.1366533241262196,0.0234903435509541,4018.0,0.7343352367239723,0.0050011781049612,4609.0,0.6590575057874797,0.0047517785792805,8627.0,0.7822533717827614,-0.0043626335102474,4018.0,0.5702131254614545,0.0083665970255335,4609.0,,,,,,,,,,3.365373379170764e-05,0.0446425551954866,8627.0,0.0011802143009418,0.0511662586514427,4018.0,0.0150329828985262,0.0358227185895486,4609.0
Diabetes diagnosed by doctor,0.0102515043513418,0.0276433141410657,8627.0,0.0114065706537841,0.0399194059398846,4018.0,0.1690531276557481,0.0202650022896886,4609.0,,,,,,,,,,,,,,,,,,,4.738348728701698e-09,0.0630066022498581,8627.0,0.0008619286949642,0.0525601104957347,4018.0,1.5484405455293864e-05,0.0636240537040333,4609.0,,,,,,,,,,0.235866413688887,0.0127658355532621,8627.0,0.0875737601761307,0.026960817763188,4018.0,0.479924706293853,0.0104102757751797,4609.0,2.0116049408407428e-05,0.0458940122358681,8627.0,0.2271647744544372,0.019061453585438,4018.0,4.126992053535191e-06,0.0677840427080785,4609.0,5.4725472851177844e-08,0.0584863699332715,8627.0,0.0001178229660229,0.060724947528035,4018.0,0.0003417289098061,0.0527426438530145,4609.0,,,,,,,,,,,,,,,,,,,,,,,,,,,,,,,,,,,,,,,,,,,,,,,,,,,,,,,0.0142713724755783,0.0263853429979396,8627.0,0.1668618816525344,0.0218176074511383,4018.0,0.0413648316267549,0.0300545213002185,4609.0,,,,,,,,,,,,,,,,,,,,,,,,,,,,,,,,,,,,,,,,,,,,,,,,,,,,,,,,,,,,,,,,,,,,,,,,,,,,,,,,,,,,,,,,,,,0.0380692205233156,0.0223349978047927,8627.0,0.1506790983574102,0.0226819627953348,4018.0,0.1545608912866683,0.0209773406842532,4609.0,,,,,,,,,,6.5498994832426e-05,0.0429740296163522,8627.0,1.5120709817793196e-05,0.0682199185094352,4018.0,0.1237719890177376,0.0226792594103952,4609.0
Illnesses of father: Heart disease,0.0072621599722628,0.0289063817434211,8627.0,0.1136217532736865,0.0249695424709802,4018.0,0.0262371623458385,0.0327468751356602,4609.0,0.0003395938713089,0.038574551330711,8627.0,0.0439486212725361,0.0317916601981973,4018.0,0.0011507550646353,0.0478797207198063,4609.0,0.0677150631060223,0.0196734679920765,8627.0,0.0562753205258473,0.0301246767669693,4018.0,0.3361490277070834,0.0141733549621235,4609.0,,,,,,,,,,,,,,,,,,,0.9091921244071806,0.0012283798683406,8627.0,0.4472122861913893,0.0119971134310085,4018.0,0.663217625871029,-0.0064175253473786,4609.0,,,,,,,,,,,,,,,,,,,0.2018424293267824,0.0137450915762477,8627.0,0.4314997685530153,0.0124162636807505,4018.0,0.2666884047536376,0.0163675886916121,4609.0,0.2026870708134732,0.0137193906049449,8627.0,0.1440531894633205,0.0230563185568014,4018.0,0.91073872015171,0.0016521156586888,4609.0,0.972215164395928,-0.0003751147496164,8627.0,0.5867563388932269,-0.0085795375216368,4018.0,0.707986293129085,0.0055198729520604,4609.0,0.8725660635875628,-0.0017274773788985,8627.0,0.3066511265047124,-0.016135317183337,4018.0,0.6766536766066802,0.0061457646704291,4609.0,0.4787963817264145,0.0076275061739422,8627.0,0.8337500497779973,0.003313127423348,4018.0,0.5343263169333683,0.0091576004868468,4609.0,0.3587675943145463,-0.009883397389477,8627.0,0.3725767869665083,-0.01407390772635,4018.0,0.496529478306737,-0.0100203187353082,4609.0,,,,,,,,,,,,,,,,,,,0.5900808533946285,0.0058018582514016,8627.0,0.860337409075244,0.0027772415155788,4018.0,0.5926156390423781,0.0078848958320667,4609.0,,,,,,,,,,,,,,,,,,,,,,,,,,,,,,,,,,,,,,,,,,,,,,,,,,,,,,,0.6534785529619098,0.0048349223370372,8627.0,0.4092794062945967,-0.0130244492154268,4018.0,0.1851576767060618,0.0195252478331493,4609.0,0.6550546631820237,0.0048114043903134,8627.0,0.2513223257674245,0.0181059162679353,4018.0,0.6515677811841709,-0.0066549335284399,4609.0,,,,,,,,,,,,,,,,,,,,,,,,,,,
Major coronary heart disease event,0.1484643155710016,0.0155612061566019,8627.0,0.6243923722710548,0.0077286586040599,4018.0,0.2193781525805918,0.0180982420570392,4609.0,0.0058967982852502,0.0296478191694134,8627.0,0.2452927553088041,0.0183381390960296,4018.0,0.0174065118014106,0.0350339006890474,4609.0,0.0016485912619995,0.0338847318102533,8627.0,0.1253813227772029,0.0241877649263682,4018.0,0.0066328530592908,0.0399910379655415,4609.0,,,,,,,,,,,,,,,,,,,0.2332249287511041,0.0128380980463109,8627.0,0.4416144356322816,0.0121454596539015,4018.0,0.464981990979424,0.0107675335710466,4609.0,,,,,,,,,,,,,,,,,,,0.0848820550218376,0.0185551936848087,8627.0,0.9839833535314728,0.0003168830812329,4018.0,0.0514370765751326,0.0286990194517506,4609.0,0.5049087538351835,0.0071810763017339,8627.0,0.6975936922386292,0.0061334440665216,4018.0,0.9162769094718112,0.0015492197040546,4609.0,0.1277668500125747,-0.0164009873902333,8627.0,0.0574177228730576,-0.0299861784102277,4018.0,0.5828319368779467,-0.0080942007033837,4609.0,0.5419596326160983,-0.006567931086903,8627.0,0.2833500777008865,-0.0169330706770111,4018.0,0.6145243600399182,-0.0074218256534455,4609.0,0.9874525196321644,0.000169372518488,8627.0,0.8911624556698382,-0.0021598822948044,4018.0,0.9129515903963203,-0.0016109925909851,4609.0,0.7879949051354818,-0.0028961636348077,8627.0,0.7633715687019128,0.004752078681527,4018.0,0.3582990795790054,-0.0135369399029843,4609.0,,,,,,,,,,,,,,,,,,,0.7736599663791623,0.0030972950139309,8627.0,0.9927515186976412,0.0001434007087433,4018.0,0.7443097468070787,0.004806463066882,4609.0,,,,,,,,,,,,,,,,,,,,,,,,,,,,,,,,,,,,,,,,,,,,,,,,,,,,,,,0.6328130420995657,-0.0051454777023121,8627.0,0.330262895469207,-0.0153669035321039,4018.0,0.8439901671597517,0.0029001181692529,4609.0,0.1959820496257612,0.0139256098794926,8627.0,0.432563008186936,0.0123876260744283,4018.0,0.3016569918161645,0.0152207561321366,4609.0,,,,,,,,,,,,,,,,,,,,,,,,,,,
Coronary atherosclerosis,0.573807777658397,0.006057458236848,8627.0,0.4433661088425262,0.0120989245394498,4018.0,0.9165630574026594,0.0015439053554164,4609.0,0.0250037806282282,0.0241353665609623,8627.0,0.1342676835290147,0.0236341256166219,4018.0,0.158172971835179,0.0207952240198982,4609.0,0.015538981709452,0.0260538903992802,8627.0,0.0153238373561161,0.0382582844825797,4018.0,0.3786050722805743,0.0129749218202204,4609.0,0.5057135828085076,0.0071675144933777,8627.0,0.9965057188361944,-6.912856441540812e-05,4018.0,0.4412284735267199,0.0113488904842868,4609.0,,,,,,,,,,0.1122779703783584,0.0171016275900352,8627.0,0.0341459994106337,0.0334282264226926,4018.0,0.65609768696338,0.0065624182615741,4609.0,0.0790619394694325,-0.0189117883679546,8627.0,0.0165126934787886,-0.0378285905725584,4018.0,0.9101934302206662,-0.0016622510647243,4609.0,0.0514792176425469,0.0209715292797458,8627.0,0.1076226489469796,0.025393150885382,4018.0,0.2084084946171812,0.0185368574274938,4609.0,0.3106641525422603,0.0109184384624296,8627.0,0.6400653994305627,0.0073809759330931,4018.0,0.609711549728785,0.0075229089960925,4609.0,0.3700692850567043,0.0096532373037579,8627.0,0.4907300870630593,0.0108777247759865,4018.0,0.5562201631374484,0.0086720404366336,4609.0,0.1946955070897346,-0.0139657669040008,8627.0,0.0709767238139978,-0.0284956163610866,4018.0,0.7742757286073375,-0.0042263520109201,4609.0,0.2150193763493295,-0.0133527052599782,8627.0,0.0298863944331606,-0.0342680336461506,4018.0,0.8905867980737576,-0.0020272437130594,4609.0,0.821911544723411,0.0024241443685112,8627.0,0.6088232279307914,0.0080777884884513,4018.0,0.6306287753374906,-0.0070860747753604,4609.0,0.0086695521745402,-0.0282631700900209,8627.0,0.0261471056758412,-0.0350948375784986,4018.0,0.0483425684985155,-0.0290897382964497,4609.0,0.2059583027118039,0.0136205822102335,8627.0,0.090392093369201,0.0267241056652084,4018.0,0.9650798924177836,0.0006451830395707,4609.0,,,,,,,,,,0.2942241467042604,-0.0112961073940997,8627.0,0.2595064899869722,-0.0177968439289213,4018.0,0.7142951451878279,-0.0053950798392904,4609.0,,,,,,,,,,,,,,,,,,,,,,,,,,,,,,,,,,,,,,,,,,,,,,,,,,,,,,,0.2983936419670373,-0.0111990194954792,8627.0,0.0735856594712723,-0.0282361879833801,4018.0,0.889142146188628,0.0020541835228293,4609.0,0.2101541397928807,0.0134955003832699,8627.0,0.0809068740245918,0.0275462780738162,4018.0,0.9166766348108248,0.0015417960477934,4609.0,0.7628246888550541,-0.0032500393615425,8627.0,0.3767159067033602,-0.013952485121619,4018.0,0.794233965188485,0.0038436367406536,4609.0,,,,,,,,,,6.940121128805065e-05,0.0428262475727978,8627.0,0.0001537536032622,0.0596909455716637,4018.0,0.0511907059180364,0.0287293943286055,4609.0
Illnesses of siblings: Heart disease,0.1671110018517947,0.0148781880149354,8627.0,0.8677746955168667,-0.0026279353994229,4018.0,0.0683517215262469,0.0268559852959522,4609.0,0.0478936193351261,0.0213036437132677,8627.0,0.4425653562628764,0.0121201843390496,4018.0,0.0541999065925845,0.0283664650739786,4609.0,0.1984885811562882,0.0138479243952953,8627.0,0.664937379580488,0.0068364087450634,4018.0,0.1192429518031569,0.0229566001824072,4609.0,,,,,,,,,,,,,,,,,,,0.3088667361321794,0.0109590738628978,8627.0,0.34970375636161,0.0147605491474062,4018.0,0.821524600528185,0.003324427054589,4609.0,,,,,,,,,,,,,,,,,,,0.196047764559074,0.0139235639032622,8627.0,0.5339154065248277,0.0098185279218408,4018.0,0.270112253974279,0.0162509385762918,4609.0,0.8489784189569222,0.0020508097199062,8627.0,0.6727568722997355,0.006666899745445,4018.0,0.930644748566002,-0.0012826137173171,4609.0,0.3908670684368324,-0.009240806537229,8627.0,0.4647655089601133,-0.0115386381960069,4018.0,0.5908161827976413,-0.0079232716041255,4609.0,0.7423074013379191,-0.003541099175642,8627.0,0.4443569709362107,0.0120726477101671,4018.0,0.2266392187604158,-0.0178165119262314,4609.0,0.4678395540633793,-0.0078187585482969,8627.0,0.8779149228556803,0.0024247421685262,4018.0,0.2310390216265423,-0.017648920676414,4609.0,0.1069887618548909,-0.0173583202378585,8627.0,0.946737686704324,-0.0010544867771221,4018.0,0.0364123449556439,-0.0308267663004389,4609.0,,,,,,,,,,,,,,,,,,,0.4703719408992564,0.0077743381671884,8627.0,0.2446650444217417,0.0183625435521707,4018.0,0.9709086829684148,-0.0005374379225424,4609.0,,,,,,,,,,,,,,,,,,,,,,,,,,,,,,,,,,,,,,,,,,,,,,,,,,,,,,,0.4866048111442849,0.0074926658531597,8627.0,0.26435103194903,-0.0176170627051596,4018.0,0.0530806141750938,0.0284994452848038,4609.0,0.1188771927081566,0.0167943958473686,8627.0,0.1200664141284851,0.0245336573693746,4018.0,0.4262452250059197,0.0117248357204421,4609.0,,,,,,,,,,,,,,,,,,,,,,,,,,,
Vascular/heart problems diagnosed by doctor: Heart attack,0.344881345380604,0.0101725278652408,8627.0,0.5095167881279712,0.0104112014016368,4018.0,0.5856345264321644,0.0080340791449883,4609.0,2.2445385535378212e-05,0.0456301899201824,8627.0,0.0035409025993329,0.0460104182897673,4018.0,0.0016352994579025,0.0463896905401017,4609.0,0.0280184215830096,0.0236582958957144,8627.0,0.3292649084666372,0.0153986428905903,4018.0,0.0741923577171752,0.0263072396613863,4609.0,,,,,,,,,,,,,,,,,,,0.8098739136191633,-0.00259109340725,8627.0,0.3202643674633825,-0.0156877543868378,4018.0,0.4542827132919868,0.0110272683704878,4609.0,,,,,,,,,,,,,,,,,,,0.0103912053603023,0.0275927614411886,8627.0,0.1239675940126635,0.024278635069228,4018.0,0.1347920617645097,0.0220360356686063,4609.0,0.1351607590681584,0.0160896870793353,8627.0,0.2433966498978355,0.0184119912439305,4018.0,0.5697859454850935,0.0083758680249802,4609.0,0.4812911769731675,-0.0075842955674247,8627.0,0.4116763331271412,-0.0129579222188497,4018.0,0.7086376568815211,-0.0055069703812027,4609.0,0.4929957815334238,0.0073831712827731,8627.0,0.6570931143032184,0.0070072503840379,4018.0,0.8378039074989411,0.0030167040721296,4609.0,0.8297685897536806,0.0023154913752122,8627.0,0.998584993015876,2.7993494385705532e-05,4018.0,0.9462649630588882,0.0009932414582427,4609.0,0.5621302082887025,-0.0062429940048569,8627.0,0.8367115439260767,-0.0032532586444612,4018.0,0.3109920393582081,-0.0149298397120953,4609.0,,,,,,,,,,,,,,,,,,,0.333755418334165,0.0104095841689465,8627.0,0.2712532042465024,0.0173648013141932,4018.0,0.7615698685156355,0.0044714736463242,4609.0,,,,,,,,,,,,,,,,,,,,,,,,,,,,,,,,,,,,,,,,,,,,,,,,,,,,,,,0.6021433561769619,-0.0056144880640456,8627.0,0.2485853866103263,-0.0182108382993119,4018.0,0.7969860672691214,0.0037910714726114,4609.0,0.3746579545288102,0.0095610383274207,8627.0,0.5919311583604387,0.0084611129761848,4018.0,0.4542340566981,0.0110284573496496,4609.0,,,,,,,,,,,,,,,,,,,,,,,,,,,
"Systolic blood pressure, automated reading",3.7386761810127344e-24,0.1088621672654756,8627.0,3.2433819918358326e-08,0.0870886875285226,4018.0,8.069560854002384e-20,0.1336838917728944,4609.0,1.1455081492721206e-05,0.0472284846658552,8627.0,0.0366388535162332,0.0329775073730898,4018.0,3.608938750869528e-05,0.060824894543089,4609.0,0.0059469850178166,0.0296179496012096,8627.0,0.8987044054837328,-0.002009370862507,4018.0,0.0001429867040553,0.0559999640883583,4609.0,,,,,,,,,,,,,,,,,,,0.3267107502533284,-0.0105623252312374,8627.0,0.1705372063535497,-0.0216301815473438,4018.0,0.8979387591121413,0.0018902475780244,4609.0,,,,,,,,,,,,,,,,,,,0.0023694304546861,0.0327264959340606,8627.0,0.7553470788554417,0.0049184529461891,4018.0,0.0001683069318367,0.0554035025340217,4609.0,0.2062103943345448,0.0136130151925796,8627.0,0.9216951321661592,0.0015516213853322,4018.0,0.0683279765483059,0.026858293459786,4609.0,0.0450745315391734,0.0215797636531767,8627.0,0.8619311173390608,0.0027452268054019,4018.0,0.0052682912130961,0.0411011004451867,4609.0,0.8235155771524942,0.0024019429408012,8627.0,0.5201025450902147,-0.010152305148051,4018.0,0.2864952195116048,0.0157063282349902,4609.0,0.1615473414769831,0.0150756725796244,8627.0,0.9142794460927008,-0.0016991080439837,4018.0,0.0201658382858943,0.0342276477275884,4609.0,0.2025557800479809,0.0137233804260207,8627.0,0.3039766723220256,-0.0162247788136256,4018.0,0.0022248710204331,0.0450494244274026,4609.0,,,,,,,,,,,,,,,,,,,0.3434993541678547,0.0102017045049192,8627.0,0.8471595740847038,0.0030424111651341,4018.0,0.2586488780783995,0.0166456074061753,4609.0,,,,,,,,,,,,,,,,,,,,,,,,,,,,,,,,,,,,,,,,,,,,,,,,,,,,,,,0.2984959027798333,0.0111966497514128,8627.0,0.6738934178738206,0.0066423263071576,4018.0,0.2826748387520845,0.0158313961473249,4609.0,0.7580669230378455,0.0033173145898452,8627.0,0.3136478683822417,-0.0159036883509425,4018.0,0.1464107306220027,0.021400474717721,4609.0,,,,,,,,,,,,,,,,,,,,,,,,,,,
Diagnoses - main ICD10: G56 Mononeuropathies of upper limb,,,,,,,,,,,,,,,,,,,,,,,,,,,,0.3019438438062456,-0.0111170636778407,8627.0,0.4618985852485938,-0.0116128478911648,4018.0,0.3859038616425392,-0.0127774739839107,4609.0,,,,,,,,,,,,,,,,,,,0.9398430709964268,-0.0008127672386273,8627.0,0.6105937229713977,-0.008037889623389,4018.0,0.7000236068443304,0.0056779481022027,4609.0,0.52612589884484,-0.006827244632017,8627.0,0.2820731021268876,-0.0169780463316545,4018.0,0.7663243094996002,0.0043796096826212,4609.0,,,,,,,,,,,,,,,,,,,,,,,,,,,,,,,,,,,,,,,,,,,,,,,,,,,,,,,,,,,,,,,,,,,,,,,,,,,,,,,,,,,,,,,,,,,,,,,,,,,,,,,,,,,,,,,,,,,,,,,,,,,,,,,,,,,,,,,,,,,,,,,,,,,,,,,,,,,,,,,,,,,,,,,,,,,,,,,,,,,,
Wheeze or whistling in the chest in last year,,,,,,,,,,,,,,,,,,,,,,,,,,,,,,,,,,,,,0.0024160885308895,0.0326632345416715,8627.0,0.0077633196793138,0.0420035802131165,4018.0,0.091677180086875,0.0248518054811629,4609.0,,,,,,,,,,,,,,,,,,,,,,,,,,,,,,,,,,,,,,,,,,,,,,,,,,,,,,,,,,,,,,,,,,,,,,,,,,,,,,,,,,,,,,,,,,,0.000980776897654,0.0354859837707452,8627.0,0.1226010344299961,0.0243672449446123,4018.0,0.0014272683174419,0.0469714832536765,4609.0,,,,,,,,,,,,,,,,,,,,,,,,,,,,,,,,,,,,,,,,,,,,,,,,,,,,,,,,,,,,,,,,,,,,,,,,,,,,,,,,,,,,,,,,,,,,,,,,,,,,,,,,,,,,
Doctor diagnosed hayfever or allergic rhinitis,,,,,,,,,,,,,,,,,,,,,,,,,,,,,,,,,,,,,0.0004079688048186,0.0380561848065696,8627.0,0.0046338534472076,0.044671372484456,4018.0,0.0106257375523344,0.0376363084865295,4609.0,,,,,,,,,,,,,,,,,,,,,,,,,,,,,,,,,,,,,,,,,,,,,,,,,,,,,,,,,,,,,,,,,,,,,,,,,,,,,,,,,,,,,,,,,,,,,,,,,,,,,,,,,,,,,,,,,,,,,,,,,,,,,,,,,,,,,,,,,,,,,,,,,,,,,,,,,,,,,,,,,,,,,,,,,,,,,,,,,,,,,,,,,,,,,,,,,,,,,,,,,,,,,,,
"Non-cancer illness code, self-reported: asthma",,,,,,,,,,,,,,,,,,,,,,,,,,,,,,,,,,,,,4.268695368387045e-07,0.0544179881750258,8627.0,1.870630849909951e-05,0.0674786369735531,4018.0,0.002823172284718,0.0439886976508081,4609.0,,,,,,,,,,,,,,,,,,,,,,,,,,,,,,,,,,,,,,,,,,,,,,,,,,,,,,,,,,,,,,,,,,,,,,,,,,,,,,,,,,,,,,,,,,,0.0066320516738307,0.0292314159658334,8627.0,0.0489100360724347,0.0310786315354927,4018.0,0.0488756978000787,0.0290209567592529,4609.0,,,,,,,,,,,,,,,,,,,,,,,,,,,,,,,,,,,,,,,,,,,,,,,,,,,,,,,,,,,,,,,,,,,,,,,,,,,,,,,,,,,,,,,,,,,,,,,,,,,,,,,,,,,,
"Blood clot, DVT, bronchitis, emphysema, asthma, rhinitis, eczema, allergy diagnosed by doctor: Hayfever, allergic rhinitis or eczema",,,,,,,,,,,,,,,,,,,,,,,,,,,,,,,,,,,,,3.075523937388763e-09,0.0637733090312782,8627.0,1.9453406675171845e-05,0.0673413974417842,4018.0,5.368636271196994e-06,0.0669756696100284,4609.0,,,,,,,,,,,,,,,,,,,,,,,,,,,,,,,,,,,,,,,,,,,,,,,,,,,,,,,,,,,,,,,,,,,,,,,,,,,,,,,,,,,,,,,,,,,,,,,,,,,,,,,,,,,,,,,,,,,,,,,,,,,,,,,,,,,,,,,,,,,,,,,,,,,,,,,,,,,,,,,,,,,,,,,,,,,,,,,,,,,,,,,,,,,,,,,,,,,,,,,,,,,,,,,
"Blood clot, DVT, bronchitis, emphysema, asthma, rhinitis, eczema, allergy diagnosed by doctor: Asthma",,,,,,,,,,,,,,,,,,,,,,,,,,,,,,,,,,,,,1.2960153271486189e-06,0.0520944691771163,8627.0,7.066869117266528e-05,0.0626673973082983,4018.0,0.0026556971456365,0.0442631361583105,4609.0,,,,,,,,,,,,,,,,,,,,,,,,,,,,,,,,,,,,,,,,,,,,,,,,,,,,,,,,,,,,,,,,,,,,,,,,,,,,,,,,,,,,,,,,,,,0.0344334531244408,0.0227747794590614,8627.0,0.1884959459984554,0.0207553972999595,4018.0,0.0765375756321661,0.0260968122918679,4609.0,,,,,,,,,,,,,,,,,,,,,,,,,,,,,,,,,,,,,,,,,,,,,,,,,,,,,,,,,,,,,,,,,,,,,,,,,,,,,,,,,,,,,,,,,,,,,,,,,,,,,,,,,,,,
"Non-cancer illness code, self-reported: hayfever/allergic rhinitis",,,,,,,,,,,,,,,,,,,,,,,,,,,,,,,,,,,,,0.0027740929525107,0.032211950679231,8627.0,0.0150499117402846,0.0383614349616667,4018.0,0.0200373810433428,0.0342629744534409,4609.0,,,,,,,,,,,,,,,,,,,,,,,,,,,,,,,,,,,,,,,,,,,,,,,,,,,,,,,,,,,,,,,,,,,,,,,,,,,,,,,,,,,,,,,,,,,,,,,,,,,,,,,,,,,,,,,,,,,,,,,,,,,,,,,,,,,,,,,,,,,,,,,,,,,,,,,,,,,,,,,,,,,,,,,,,,,,,,,,,,,,,,,,,,,,,,,,,,,,,,,,,,,,,,,
Pain type(s) experienced in last month: Knee pain,,,,,,,,,,,,,,,,,,,,,,,,,,,,,,,,,,,,,,,,,,,,,,0.7301045849462992,0.0037154299376892,8627.0,0.7182079475182586,-0.0056959662065211,4018.0,0.4091276191097996,0.0121638999966159,4609.0,,,,,,,,,,,,,,,,,,,,,,,,,,,,,,,,,,,,,,,,,,,,,,,,,,,,,,,,,,,,,,,,,,,,,,,,,,,,,,,,,,,,,,,,,,,,,,,,,,,,,,,,,,,,,,,,,,,,,,,,,,,,,,,0.0519724183883549,0.0209273752334771,8627.0,0.4639797057475661,0.0115589531192595,4018.0,0.1446850002290423,0.0214923669570887,4609.0,,,,,,,,,,0.4052544550214422,0.0089632610883603,8627.0,0.4073246861873117,0.0130788744140718,4018.0,0.6081572148525145,0.0075556301620601,4609.0,,,,,,,,,,,,,,,,,,,,,,,,,,,,,,,,,,,,,,,,,,,,,
Pain type(s) experienced in last month: Headache,,,,,,,,,,,,,,,,,,,,,,,,,,,,,,,,,,,,,,,,,,,,,,,,,,,,,,,,,,,,,,,,,,,,,,,,,,,,,,,,,,,,,,,,,,,,,,,,,,,,,,,,,,,,,,,,,,,,,,,,,,,,,,,,,,,,,,,,,,,,,,,,,,,,,,,,,,4609.0,0.0766885659206191,0.0260834456164647,4018.0,0.7060039727850764,0.0059544101658315,8627.0,0.0879584614704572,0.0183746383225247,,,,,,,,,,,,,,,,,,,,,,,,,,,,,,,,,,,,,,,,,,,,,,,,,,,,,,,,,,,,,,,,,,,,,,,,,,,,,,,,,,,,,,,,,,
Recent feelings of tiredness or low energy,,,,,,,,,,,,,,,,,,,,,,,,,,,,,,,,,,,,,,,,,,,,,,,,,,,,,,,,,,,,,,,,,,,,,,,,,,,,,,,,,,,,,,,,,,,,,,,,,,,,,,,,,,,,,,,,,,,,,,,,,,,,,,,,,,,,,,,,,,,,,,,,,,,,,,,,,,,,,,,,,,,0.4727864596906896,-0.0077321081069162,8627.0,0.7114398780955249,-0.0058391008255187,4018.0,0.7080483508197464,-0.0055186434970852,4609.0,0.9864113819229544,0.0001834276519656,8627.0,0.6855660596153452,0.0063908666983557,4018.0,0.8312973322824989,-0.0031395307602435,4609.0,,,,,,,,,,,,,,,,,,,,,,,,,,,,,,,,,,,,,,,,,,,,,,,,,,,,,,,,,,,,,,,,,,,,,,,,
Nervous feelings,,,,,,,,,,,,,,,,,,,,,,,,,,,,,,,,,,,,,,,,,,,,,,,,,,,,,,,,,,,,,,,,,,,,,,,,,,,,,,,,,,,,,,,,,,,,,,,,,,,,,,,,,,,,,,,,,,,,,,,,,,,,,,,,,,,,,,,,,,,,,,,,,,,,,,,,,,,,,,,,,,,7.777862726282575e-05,0.042533862829681,8627.0,1.1520752067273329e-05,0.0691564594348403,4018.0,0.154112916847843,0.0210001513922376,4609.0,0.0001150964925044,0.0415142174571107,8627.0,0.0007880294416012,0.0529517663715736,4018.0,0.0331375799876322,0.0313881290501572,4609.0,,,,,,,,,,,,,,,,,,,,,,,,,,,,,,,,,,,,,,,,,,,,,,,,,,,,,,,,,,,,,,,,,,,,,,,,
Ever sought or received professional help for mental distress,,,,,,,,,,,,,,,,,,,,,,,,,,,,,,,,,,,,,,,,,,,,,,,,,,,,,,,,,,,,,,,,,,,,,,,,,,,,,,,,,,,,,,,,,,,,,,,,,,,,,,,,,,,,,,,,,,,,,,,,,,,,,,,,,,,,,,,,,,,,,,,,,,,,,,,,,,,,,,,,,,,0.0334166865439915,0.0229048497004137,8627.0,0.1606726387405757,0.0221403703767536,4018.0,0.1554298657747574,0.0209332355528734,4609.0,0.0295915190464671,0.0234267010171843,8627.0,0.1007483588629645,0.0259021986853559,4018.0,0.1678946221337806,0.0203202160440646,4609.0,,,,,,,,,,,,,,,,,,,,,,,,,,,,,,,,,,,,,,,,,,,,,,,,,,,,,,,,,,,,,,,,,,,,,,,,
Ever depressed for a whole week,,,,,,,,,,,,,,,,,,,,,,,,,,,,,,,,,,,,,,,,,,,,,,,,,,,,,,,,,,,,,,,,,,,,,,,,,,,,,,,,,,,,,,,,,,,,,,,,,,,,,,,,,,,,,,,,,,,,,,,,,,,,,,,,,,,,,,,,,,,,,,,,,,,,,,,,,,,,,,,,,,,0.0575273833190069,0.0204527943935843,8627.0,0.1902014592123722,0.0206755812198276,4018.0,0.1534063839337802,0.0210362304106098,4609.0,0.3834166956388489,0.0093869673785234,8627.0,0.5410914065297907,0.0096468517150502,4018.0,0.5587861527696449,0.0086157534106185,4609.0,,,,,,,,,,,,,,,,,,,,,,,,,,,,,,,,,,,,,,,,,,,,,,,,,,,,,,,,,,,,,,,,,,,,,,,,
"Non-cancer illness code, self-reported: depression",,,,,,,,,,,,,,,,,,,,,,,,,,,,,,,,,,,,,,,,,,,,,,,,,,,,,,,,,,,,,,,,,,,,,,,,,,,,,,,,,,,,,,,,,,,,,,,,,,,,,,,,,,,,,,,,,,,,,,,,,,,,,,,,,,,,,,,,,,,,,,,,,,,,,,,,,,,,,,,,,,,0.2765732985415453,0.0117176977033024,8627.0,0.958825350715758,0.0008149313681478,4018.0,0.1198028109366741,0.0229218748512171,4609.0,0.0766167068519361,0.0190679976481767,8627.0,0.4757939705361312,0.0112555083086953,4018.0,0.0834131947630459,0.0255087643256784,4609.0,,,,,,,,,,,,,,,,,,,,,,,,,,,,,,,,,,,,,,,,,,,,,,,,,,,,,,,,,,,,,,,,,,,,,,,,
General happiness with own health,,,,,,,,,,,,,,,,,,,,,,,,,,,,,,,,,,,,,,,,,,,,,,,,,,,,,,,,,,,,,,,,,,,,,,,,,,,,,,,,,,,,,,,,,,,,,,,,,,,,,,,,,,,,,,,,,,,,,,,,,,,,,,,,,,,,,,,,,,,,,,,,,,,,,,,,,,,,,,,,,,,0.0068234852232255,0.0291298337971012,8627.0,0.0850784693379183,0.0271755812035295,4018.0,0.0572718919536053,0.0280129077567565,4609.0,0.0218752464682282,0.0246863495842789,8627.0,0.1030918886438898,0.0257256410622344,4018.0,0.1863950468759018,0.0194704167643774,4609.0,,,,,,,,,,,,,,,,,,,,,,,,,,,,,,,,,,,,,,,,,,,,,,,,,,,,,,,,,,,,,,,,,,,,,,,,
"Activities undertaken to treat depression: Talking therapies, such as psychotherapy, counselling, group therapy or CBT",,,,,,,,,,,,,,,,,,,,,,,,,,,,,,,,,,,,,,,,,,,,,,,,,,,,,,,,,,,,,,,,,,,,,,,,,,,,,,,,,,,,,,,,,,,,,,,,,,,,,,,,,,,,,,,,,,,,,,,,,,,,,,,,,,,,,,,,,,,,,,,,,,,,,,,,,,,,,,,,,,,0.1616480499644967,0.0150720526684894,8627.0,0.5957966817342467,0.0083729613542497,4018.0,0.1029269140717292,0.0240300035044604,4609.0,0.0188675058998701,0.0252849938563421,8627.0,0.1742271812365482,0.0214450275714819,4018.0,0.0370503183630851,0.0307224512411067,4609.0,,,,,,,,,,,,,,,,,,,,,,,,,,,,,,,,,,,,,,,,,,,,,,,,,,,,,,,,,,,,,,,,,,,,,,,,
Worry too long after embarrassment,,,,,,,,,,,,,,,,,,,,,,,,,,,,,,,,,,,,,,,,,,,,,,,,,,,,,,,,,,,,,,,,,,,,,,,,,,,,,,,,,,,,,,,,,,,,,,,,,,,,,,,,,,,,,,,,,,,,,,,,,,,,,,,,,,,,,,,,,,,,,,,,,,,,,,,,,,,,,,,,,,,2.413364349243431e-05,0.0454547968908076,8627.0,0.0001031177953029,0.0612368987871708,4018.0,0.0345048008768607,0.031148241731946,4609.0,2.2839382235820675e-05,0.045588161442979,8627.0,2.56493941599762e-05,0.0663649951830833,4018.0,0.0428604283170761,0.0298367545421197,4609.0,,,,,,,,,,,,,,,,,,,,,,,,,,,,,,,,,,,,,,,,,,,,,,,,,,,,,,,,,,,,,,,,,,,,,,,,
Ever had prolonged loss of interest in normal activities,,,,,,,,,,,,,,,,,,,,,,,,,,,,,,,,,,,,,,,,,,,,,,,,,,,,,,,,,,,,,,,,,,,,,,,,,,,,,,,,,,,,,,,,,,,,,,,,,,,,,,,,,,,,,,,,,,,,,,,,,,,,,,,,,,,,,,,,,,,,,,,,,,,,,,,,,,,,,,,,,,,0.0638988341184526,0.019953258544603,8627.0,0.208477117053204,0.0198515641393221,4018.0,0.1258060900498817,0.0225572719363314,4609.0,0.0341066328998572,0.0228162258564491,8627.0,0.0379883965767023,0.0327443063849458,4018.0,0.2923893706153783,0.0155155600210388,4609.0,,,,,,,,,,,,,,,,,,,,,,,,,,,,,,,,,,,,,,,,,,,,,,,,,,,,,,,,,,,,,,,,,,,,,,,,
Mood swings,,,,,,,,,,,,,,,,,,,,,,,,,,,,,,,,,,,,,,,,,,,,,,,,,,,,,,,,,,,,,,,,,,,,,,,,,,,,,,,,,,,,,,,,,,,,,,,,,,,,,,,,,,,,,,,,,,,,,,,,,,,,,,,,,,,,,,,,,,,,,,,,,,,,,,,,,,,,,,,,,,,3.0859052617273314e-06,0.0502097281010272,8627.0,0.0001623874461073,0.059476703426974,4018.0,0.0018739117487888,0.0458009247285222,4609.0,1.811828688608536e-05,0.0461445756800571,8627.0,0.0015603504588426,0.0498995877324582,4018.0,0.0021464928199206,0.0452073061301226,4609.0,,,,,,,,,,,,,,,,,,,,,,,,,,,,,,,,,,,,,,,,,,,,,,,,,,,,,,,,,,,,,,,,,,,,,,,,
Fed-up feelings,,,,,,,,,,,,,,,,,,,,,,,,,,,,,,,,,,,,,,,,,,,,,,,,,,,,,,,,,,,,,,,,,,,,,,,,,,,,,,,,,,,,,,,,,,,,,,,,,,,,,,,,,,,,,,,,,,,,,,,,,,,,,,,,,,,,,,,,,,,,,,,,,,,,,,,,,,,,,,,,,,,1.0878814141480264e-05,0.0473490804294174,8627.0,7.614048557704867e-06,0.070560770130167,4018.0,0.0355582570675253,0.0309688836229316,4609.0,4.429733436476158e-06,0.0494046856014925,8627.0,3.817436615500068e-06,0.0728458158470067,4018.0,0.0251313789146444,0.0329926945330482,4609.0,,,,,,,,,,,,,,,,,,,,,,,,,,,,,,,,,,,,,,,,,,,,,,,,,,,,,,,,,,,,,,,,,,,,,,,,
Physically abused by family as a child,,,,,,,,,,,,,,,,,,,,,,,,,,,,,,,,,,,,,,,,,,,,,,,,,,,,,,,,,,,,,,,,,,,,,,,,,,,,,,,,,,,,,,,,,,,,,,,,,,,,,,,,,,,,,,,,,,,,,,,,,,,,,,,,,,,,,,,,,,,,,,,,,,,,,,,,,,,,,,,,,,,0.8214894960772939,0.0024299876558479,8627.0,0.583390375054323,0.0086568263555891,4018.0,0.8063502230257239,-0.0036125720012402,4609.0,0.3929455368116221,0.009200334229272,8627.0,0.2217393689629482,0.0192858750824251,4018.0,0.966295534975036,0.0006227092487406,4609.0,,,,,,,,,,,,,,,,,,,,,,,,,,,,,,,,,,,,,,,,,,,,,,,,,,,,,,,,,,,,,,,,,,,,,,,,
Frequency of tenseness / restlessness in last 2 weeks,,,,,,,,,,,,,,,,,,,,,,,,,,,,,,,,,,,,,,,,,,,,,,,,,,,,,,,,,,,,,,,,,,,,,,,,,,,,,,,,,,,,,,,,,,,,,,,,,,,,,,,,,,,,,,,,,,,,,,,,,,,,,,,,,,,,,,,,,,,,,,,,,,,,,,,,,,,,,,,,,,,0.0071320654173549,0.0289713561238024,8627.0,0.0642967576402173,0.0291974452336062,4018.0,0.0458672226705258,0.0294176985274573,4609.0,0.0197378303461239,0.0251036748671329,8627.0,0.2224326648685015,0.0192569797164806,4018.0,0.0495558954255753,0.0289341094629652,4609.0,,,,,,,,,,,,,,,,,,,,,,,,,,,,,,,,,,,,,,,,,,,,,,,,,,,,,,,,,,,,,,,,,,,,,,,,
Guilty feelings,,,,,,,,,,,,,,,,,,,,,,,,,,,,,,,,,,,,,,,,,,,,,,,,,,,,,,,,,,,,,,,,,,,,,,,,,,,,,,,,,,,,,,,,,,,,,,,,,,,,,,,,,,,,,,,,,,,,,,,,,,,,,,,,,,,,,,,,,,,,,,,,,,,,,,,,,,,,,,,,,,,0.0001155641774957,0.0415035488684334,8627.0,0.0013283306374359,0.0506332739350187,4018.0,0.0284864666359325,0.0322732767607135,4609.0,0.0033434188343584,0.0315935951947393,8627.0,0.0045828767830164,0.0447271007357752,4018.0,0.1522528274392714,0.0210954091005728,4609.0,,,,,,,,,,,,,,,,,,,,,,,,,,,,,,,,,,,,,,,,,,,,,,,,,,,,,,,,,,,,,,,,,,,,,,,,
Worrier / anxious feelings,,,,,,,,,,,,,,,,,,,,,,,,,,,,,,,,,,,,,,,,,,,,,,,,,,,,,,,,,,,,,,,,,,,,,,,,,,,,,,,,,,,,,,,,,,,,,,,,,,,,,,,,,,,,,,,,,,,,,,,,,,,,,,,,,,,,,,,,,,,,,,,,,,,,,,,,,,,,,,,,,,,5.661384998725943e-05,0.0433442877757567,8627.0,9.50347646442141e-05,0.0615484739247699,4018.0,0.0682799864208992,0.0268629604205756,4609.0,0.0012898321006242,0.0346493893005951,8627.0,0.0030236829490481,0.046781278653743,4018.0,0.0845208303138052,0.025417742377613,4609.0,,,,,,,,,,,,,,,,,,,,,,,,,,,,,,,,,,,,,,,,,,,,,,,,,,,,,,,,,,,,,,,,,,,,,,,,
Ever thought that life not worth living,,,,,,,,,,,,,,,,,,,,,,,,,,,,,,,,,,,,,,,,,,,,,,,,,,,,,,,,,,,,,,,,,,,,,,,,,,,,,,,,,,,,,,,,,,,,,,,,,,,,,,,,,,,,,,,,,,,,,,,,,,,,,,,,,,,,,,,,,,,,,,,,,,,,,,,,,,,,,,,,,,,0.0240047060696363,0.0243044817499687,8627.0,0.05085010032705,0.0308162807057443,4018.0,0.1643353440065952,0.0204916595843948,4609.0,0.0161086132657827,0.02591264021539,8627.0,0.0026472036502949,0.0474221296522774,4018.0,0.4458436022053286,0.0112345752177521,4609.0,,,,,,,,,,,,,,,,,,,,,,,,,,,,,,,,,,,,,,,,,,,,,,,,,,,,,,,,,,,,,,,,,,,,,,,,
General happiness,,,,,,,,,,,,,,,,,,,,,,,,,,,,,,,,,,,,,,,,,,,,,,,,,,,,,,,,,,,,,,,,,,,,,,,,,,,,,,,,,,,,,,,,,,,,,,,,,,,,,,,,,,,,,,,,,,,,,,,,,,,,,,,,,,,,,,,,,,,,,,,,,,,,,,,,,,,,,,,,,,,0.5533078390262749,0.0063844016230309,8627.0,0.7523095224902944,0.0049815733448685,4018.0,0.4766945070344131,0.0104869812924331,4609.0,0.7205544843869925,0.0038525436325478,8627.0,0.9044658019956948,0.0018945168046522,4018.0,0.4763623481227461,0.0104948849565621,4609.0,,,,,,,,,,,,,,,,,,,,,,,,,,,,,,,,,,,,,,,,,,,,,,,,,,,,,,,,,,,,,,,,,,,,,,,,
Suffer from 'nerves',,,,,,,,,,,,,,,,,,,,,,,,,,,,,,,,,,,,,,,,,,,,,,,,,,,,,,,,,,,,,,,,,,,,,,,,,,,,,,,,,,,,,,,,,,,,,,,,,,,,,,,,,,,,,,,,,,,,,,,,,,,,,,,,,,,,,,,,,,,,,,,,,,,,,,,,,,,,,,,,,,,3.892303522254149e-05,0.0442829645563202,8627.0,3.5918738533030715e-05,0.065157737763479,4018.0,0.0620622786946419,0.0274918221658218,4609.0,7.250051558371301e-05,0.0427143710698342,8627.0,9.152597219483542e-05,0.0616915878061408,4018.0,0.063656476563278,0.0273257961068404,4609.0,,,,,,,,,,,,,,,,,,,,,,,,,,,,,,,,,,,,,,,,,,,,,,,,,,,,,,,,,,,,,,,,,,,,,,,,
Ever suffered mental distress preventing usual activities,,,,,,,,,,,,,,,,,,,,,,,,,,,,,,,,,,,,,,,,,,,,,,,,,,,,,,,,,,,,,,,,,,,,,,,,,,,,,,,,,,,,,,,,,,,,,,,,,,,,,,,,,,,,,,,,,,,,,,,,,,,,,,,,,,,,,,,,,,,,,,,,,,,,,,,,,,,,,,,,,,,0.0191754726389345,0.0252200134900913,8627.0,0.0163324149894869,0.0378919640771028,4018.0,0.3237839740901742,0.0145403914067094,4609.0,0.0028902971883428,0.0320768864803101,8627.0,0.0027581336226252,0.0472250808642786,4018.0,0.2690557044019439,0.0162868262556924,4609.0,,,,,,,,,,,,,,,,,,,,,,,,,,,,,,,,,,,,,,,,,,,,,,,,,,,,,,,,,,,,,,,,,,,,,,,,
"Trouble falling or staying asleep, or sleeping too much",,,,,,,,,,,,,,,,,,,,,,,,,,,,,,,,,,,,,,,,,,,,,,,,,,,,,,,,,,,,,,,,,,,,,,,,,,,,,,,,,,,,,,,,,,,,,,,,,,,,,,,,,,,,,,,,,,,,,,,,,,,,,,,,,,,,,,,,,,,,,,,,,,,,,,,,,,,,,,,,,,,0.2130119142536145,0.0134113388403746,8627.0,0.603174485420936,0.0082054325818566,4018.0,0.2437218076850063,0.0171781490050533,4609.0,0.1275661294001215,0.0164096310189342,8627.0,0.4386597368544536,0.0122241946106233,4018.0,0.1054474713395345,0.0238557757913453,4609.0,,,,,,,,,,,,,,,,,,,,,,,,,,,,,,,,,,,,,,,,,,,,,,,,,,,,,,,,,,,,,,,,,,,,,,,,
Belief that own life is meaningful,,,,,,,,,,,,,,,,,,,,,,,,,,,,,,,,,,,,,,,,,,,,,,,,,,,,,,,,,,,,,,,,,,,,,,,,,,,,,,,,,,,,,,,,,,,,,,,,,,,,,,,,,,,,,,,,,,,,,,,,,,,,,,,,,,,,,,,,,,,,,,,,,,,,,,,,,,,,,,,,,,,0.0394974127034902,-0.022171983935031,8627.0,0.0143810067694905,-0.0386204448569462,4018.0,0.573648743439064,-0.0082921543301101,4609.0,0.0287848020644621,-0.0235441067803413,8627.0,0.0354051804922457,-0.0331971763289845,4018.0,0.2602601952881462,-0.0165894121973556,4609.0,,,,,,,,,,,,,,,,,,,,,,,,,,,,,,,,,,,,,,,,,,,,,,,,,,,,,,,,,,,,,,,,,,,,,,,,
Frequency of unenthusiasm / disinterest in last 2 weeks,,,,,,,,,,,,,,,,,,,,,,,,,,,,,,,,,,,,,,,,,,,,,,,,,,,,,,,,,,,,,,,,,,,,,,,,,,,,,,,,,,,,,,,,,,,,,,,,,,,,,,,,,,,,,,,,,,,,,,,,,,,,,,,,,,,,,,,,,,,,,,,,,,,,,,,,,,,,,,,,,,,0.006354743740934,0.0293833439121352,8627.0,0.1867977036584572,0.0208354039578295,4018.0,0.0144399910459758,0.0360368463702183,4609.0,0.0616403705413777,0.0201254028090162,8627.0,0.1098320783918919,0.0252350192928181,4018.0,0.1945295469971478,0.019116482049505,4609.0,,,,,,,,,,,,,,,,,,,,,,,,,,,,,,,,,,,,,,,,,,,,,,,,,,,,,,,,,,,,,,,,,,,,,,,,
Neuroticism score,,,,,,,,,,,,,,,,,,,,,,,,,,,,,,,,,,,,,,,,,,,,,,,,,,,,,,,,,,,,,,,,,,,,,,,,,,,,,,,,,,,,,,,,,,,,,,,,,,,,,,,,,,,,,,,,,,,,,,,,,,,,,,,,,,,,,,,,,,,,,,,,,,,,,,,,,,,,,,,,,,,1.1096391094007855e-09,0.0655476340564006,8627.0,4.700908271655036e-07,0.079400240909627,4018.0,0.0001285870191301,0.0563852357087213,4609.0,9.517120345620057e-08,0.0574172512064212,8627.0,2.4544685120842367e-05,0.0665213422314796,4018.0,0.0004247148334124,0.0519015397384239,4609.0,,,,,,,,,,,,,,,,,,,,,,,,,,,,,,,,,,,,,,,,,,,,,,,,,,,,,,,,,,,,,,,,,,,,,,,,
"Seen a psychiatrist for nerves, anxiety, tension or depression",,,,,,,,,,,,,,,,,,,,,,,,,,,,,,,,,,,,,,,,,,,,,,,,,,,,,,,,,,,,,,,,,,,,,,,,,,,,,,,,,,,,,,,,,,,,,,,,,,,,,,,,,,,,,,,,,,,,,,,,,,,,,,,,,,,,,,,,,,,,,,,,,,,,,,,,,,,,,,,,,,,0.0194379755344503,0.0251653420223835,8627.0,0.5319754741324325,0.009865137423375,4018.0,0.0151403457338149,0.0357847480071336,4609.0,0.0086342226453754,0.0282781327873394,8627.0,0.54618155660908,0.009525765780343,4018.0,0.0035367674936512,0.042964555961663,4609.0,,,,,,,,,,,,,,,,,,,,,,,,,,,,,,,,,,,,,,,,,,,,,,,,,,,,,,,,,,,,,,,,,,,,,,,,
Irritability,,,,,,,,,,,,,,,,,,,,,,,,,,,,,,,,,,,,,,,,,,,,,,,,,,,,,,,,,,,,,,,,,,,,,,,,,,,,,,,,,,,,,,,,,,,,,,,,,,,,,,,,,,,,,,,,,,,,,,,,,,,,,,,,,,,,,,,,,,,,,,,,,,,,,,,,,,,,,,,,,,,2.3698229374569715e-05,0.0454988872807557,8627.0,0.0001952111515119,0.0587496149979247,4018.0,0.0159188980276052,0.0355162782180379,4609.0,0.0003659909814984,0.0383637658322386,8627.0,0.0022101404875,0.0482801392748997,4018.0,0.0225000501270996,0.0336176319852412,4609.0,,,,,,,,,,,,,,,,,,,,,,,,,,,,,,,,,,,,,,,,,,,,,,,,,,,,,,,,,,,,,,,,,,,,,,,,
Ever had prolonged feelings of sadness or depression,,,,,,,,,,,,,,,,,,,,,,,,,,,,,,,,,,,,,,,,,,,,,,,,,,,,,,,,,,,,,,,,,,,,,,,,,,,,,,,,,,,,,,,,,,,,,,,,,,,,,,,,,,,,,,,,,,,,,,,,,,,,,,,,,,,,,,,,,,,,,,,,,,,,,,,,,,,,,,,,,,,0.0992781484699157,0.0177511827548814,8627.0,0.9362772089427228,0.0012619884746105,4018.0,0.0470141374870967,0.0292639388119926,4609.0,0.08957970950232,0.018281528252701,8627.0,0.7123233385122417,-0.0058203899422962,4018.0,0.0103001034801803,0.0377955365000637,4609.0,,,,,,,,,,,,,,,,,,,,,,,,,,,,,,,,,,,,,,,,,,,,,,,,,,,,,,,,,,,,,,,,,,,,,,,,
Felt very upset when reminded of stressful experience in past month,,,,,,,,,,,,,,,,,,,,,,,,,,,,,,,,,,,,,,,,,,,,,,,,,,,,,,,,,,,,,,,,,,,,,,,,,,,,,,,,,,,,,,,,,,,,,,,,,,,,,,,,,,,,,,,,,,,,,,,,,,,,,,,,,,,,,,,,,,,,,,,,,,,,,,,,,,,,,,,,,,,0.1696006611440294,0.0147914150819302,8627.0,0.1045191653203103,0.0256196703066527,4018.0,0.6334486537948911,0.0070276662152625,4609.0,0.1817846942826464,0.0143799872687757,8627.0,0.1273681652561284,0.0240613963447085,4018.0,0.6244154381640183,0.0072151679493107,4609.0,,,,,,,,,,,,,,,,,,,,,,,,,,,,,,,,,,,,,,,,,,,,,,,,,,,,,,,,,,,,,,,,,,,,,,,,
"Seen doctor (GP) for nerves, anxiety, tension or depression",,,,,,,,,,,,,,,,,,,,,,,,,,,,,,,,,,,,,,,,,,,,,,,,,,,,,,,,,,,,,,,,,,,,,,,,,,,,,,,,,,,,,,,,,,,,,,,,,,,,,,,,,,,,,,,,,,,,,,,,,,,,,,,,,,,,,,,,,,,,,,,,,,,,,,,,,,,,,,,,,,,7.744213800908781e-05,0.0425450196766764,8627.0,0.0161386105295947,0.0379607813636328,4018.0,0.001955081632368,0.0456162889847397,4609.0,5.2755134141243305e-05,0.0435225532438453,8627.0,0.0139689151748457,0.038785350503094,4018.0,0.0014984161428691,0.0467641963972666,4609.0,,,,,,,,,,,,,,,,,,,,,,,,,,,,,,,,,,,,,,,,,,,,,,,,,,,,,,,,,,,,,,,,,,,,,,,,
Family relationship satisfaction,,,,,,,,,,,,,,,,,,,,,,,,,,,,,,,,,,,,,,,,,,,,,,,,,,,,,,,,,,,,,,,,,,,,,,,,,,,,,,,,,,,,,,,,,,,,,,,,,,,,,,,,,,,,,,,,,,,,,,,,,,,,,,,,,,,,,,,,,,,,,,,,,,,,,,,,,,,,,,,,,,,0.6399619799747607,0.005037574040145,8627.0,0.4417157807448627,0.0121427644358033,4018.0,0.7420909061880955,-0.0048497039566857,4609.0,0.3772135458988443,0.0095099920614114,8627.0,0.2227208307252269,0.0192449884303203,4018.0,0.9635929323627526,-0.0006726747680644,4609.0,,,,,,,,,,,,,,,,,,,,,,,,,,,,,,,,,,,,,,,,,,,,,,,,,,,,,,,,,,,,,,,,,,,,,,,,
Sensitivity / hurt feelings,,,,,,,,,,,,,,,,,,,,,,,,,,,,,,,,,,,,,,,,,,,,,,,,,,,,,,,,,,,,,,,,,,,,,,,,,,,,,,,,,,,,,,,,,,,,,,,,,,,,,,,,,,,,,,,,,,,,,,,,,,,,,,,,,,,,,,,,,,,,,,,,,,,,,,,,,,,,,,,,,,,5.5302468929879094e-08,0.0584662779400385,8627.0,1.686758115207547e-06,0.0754655037306309,4018.0,0.0025108953196936,0.0445134797916171,4609.0,7.027309398995312e-08,0.058005543775376,8627.0,1.7680629874204698e-05,0.0676758068619183,4018.0,0.0007338271024427,0.0497304031701031,4609.0,,,,,,,,,,,,,,,,,,,,,,,,,,,,,,,,,,,,,,,,,,,,,,,,,,,,,,,,,,,,,,,,,,,,,,,,
Felt loved as a child,,,,,,,,,,,,,,,,,,,,,,,,,,,,,,,,,,,,,,,,,,,,,,,,,,,,,,,,,,,,,,,,,,,,,,,,,,,,,,,,,,,,,,,,,,,,,,,,,,,,,,,,,,,,,,,,,,,,,,,,,,,,,,,,,,,,,,,,,,,,,,,,,,,,,,,,,,,,,,,,,,,0.7891047674275093,0.0028806342611798,8627.0,0.2890080397970612,0.0167354271928189,4018.0,0.4650551119690228,-0.0107657700378521,4609.0,0.5899023373848751,0.005804644276545,8627.0,0.493576172029708,0.0108064457055357,4018.0,0.9794403475916444,-0.0003797803754493,4609.0,,,,,,,,,,,,,,,,,,,,,,,,,,,,,,,,,,,,,,,,,,,,,,,,,,,,,,,,,,,,,,,,,,,,,,,,
Friendships satisfaction,,,,,,,,,,,,,,,,,,,,,,,,,,,,,,,,,,,,,,,,,,,,,,,,,,,,,,,,,,,,,,,,,,,,,,,,,,,,,,,,,,,,,,,,,,,,,,,,,,,,,,,,,,,,,,,,,,,,,,,,,,,,,,,,,,,,,,,,,,,,,,,,,,,,,,,,,,,,,,,,,,,0.1262132944286051,0.0164681657748855,8627.0,0.7205770523725252,-0.0056459741811197,4018.0,0.0334515704980829,0.0313322990586336,4609.0,0.1745148001718232,0.0146229036908176,8627.0,0.5027422401023712,-0.0105783638937801,4018.0,0.0190127964158864,0.034552046012694,4609.0,,,,,,,,,,,,,,,,,,,,,,,,,,,,,,,,,,,,,,,,,,,,,,,,,,,,,,,,,,,,,,,,,,,,,,,,
Substances taken for depression: Medication prescribed to you (for at least two weeks),,,,,,,,,,,,,,,,,,,,,,,,,,,,,,,,,,,,,,,,,,,,,,,,,,,,,,,,,,,,,,,,,,,,,,,,,,,,,,,,,,,,,,,,,,,,,,,,,,,,,,,,,,,,,,,,,,,,,,,,,,,,,,,,,,,,,,,,,,,,,,,,,,,,,,,,,,,,,,,,,,,0.3792208575385883,0.0094700466420617,8627.0,0.8455660718955633,-0.0030745330079386,4018.0,0.0887842674122182,0.0250761402662138,4609.0,0.2874231746760274,0.0114564703962237,8627.0,0.7623774508767225,-0.004772661045695,4018.0,0.0590033120482104,0.0278205352765122,4609.0,,,,,,,,,,,,,,,,,,,,,,,,,,,,,,,,,,,,,,,,,,,,,,,,,,,,,,,,,,,,,,,,,,,,,,,,
Health satisfaction,,,,,,,,,,,,,,,,,,,,,,,,,,,,,,,,,,,,,,,,,,,,,,,,,,,,,,,,,,,,,,,,,,,,,,,,,,,,,,,,,,,,,,,,,,,,,,,,,,,,,,,,,,,,,,,,,,,,,,,,,,,,,,,,,,,,,,,,,,,,,,,,,,,,,,,,,,,,,,,,,,,0.9287387880127376,-0.0009631639836933,8627.0,0.6996476149703417,-0.0060896492080563,4018.0,0.59978464709566,0.0077325332569552,4609.0,0.718509544580948,-0.0038819840287415,8627.0,0.1897965711094537,-0.0206944816468534,4018.0,0.4314744867211383,0.0115927723093552,4609.0,,,,,,,,,,,,,,,,,,,,,,,,,,,,,,,,,,,,,,,,,,,,,,,,,,,,,,,,,,,,,,,,,,,,,,,,
Risk taking,,,,,,,,,,,,,,,,,,,,,,,,,,,,,,,,,,,,,,,,,,,,,,,,,,,,,,,,,,,,,,,,,,,,,,,,,,,,,,,,,,,,,,,,,,,,,,,,,,,,,,,,,,,,,,,,,,,,,,,,,,,,,,,,,,,,,,,,,,,,,,,,,,,,,,,,,,,,,,,,,,,0.7582555160087094,-0.0033146454210782,8627.0,0.4735781707906201,-0.0113121009808577,4018.0,0.8690980376824268,0.0024287152366065,4609.0,0.8163696602749339,0.002500929602269,8627.0,0.5483019018377255,0.0094754916833516,4018.0,0.7132620665003429,-0.0054154880948274,4609.0,,,,,,,,,,,,,,,,,,,,,,,,,,,,,,,,,,,,,,,,,,,,,,,,,,,,,,,,,,,,,,,,,,,,,,,,
"Ever felt worried, tense, or anxious for most of a month or longer",,,,,,,,,,,,,,,,,,,,,,,,,,,,,,,,,,,,,,,,,,,,,,,,,,,,,,,,,,,,,,,,,,,,,,,,,,,,,,,,,,,,,,,,,,,,,,,,,,,,,,,,,,,,,,,,,,,,,,,,,,,,,,,,,,,,,,,,,,,,,,,,,,,,,,,,,,,,,,,,,,,0.0308401758851325,0.0232502928608214,8627.0,0.8543188806590162,-0.0028982470477492,4018.0,0.0012449390152486,0.04754967573181,4609.0,0.0132495762448389,0.0266719951922289,8627.0,0.9935722359526872,0.0001271636324781,4018.0,0.0006868406508124,0.0499975298157531,4609.0,,,,,,,,,,,,,,,,,,,,,,,,,,,,,,,,,,,,,,,,,,,,,,,,,,,,,,,,,,,,,,,,,,,,,,,,
Frequency of depressed mood in last 2 weeks,,,,,,,,,,,,,,,,,,,,,,,,,,,,,,,,,,,,,,,,,,,,,,,,,,,,,,,,,,,,,,,,,,,,,,,,,,,,,,,,,,,,,,,,,,,,,,,,,,,,,,,,,,,,,,,,,,,,,,,,,,,,,,,,,,,,,,,,,,,,,,,,,,,,,,,,,,,,,,,,,,,0.0038966185483268,0.0310786376692911,8627.0,0.0116692105957503,0.0397933184944818,4018.0,0.1021571183341028,0.024083889411173,4609.0,0.001427063856033,0.0343361376380326,8627.0,0.0072622775640136,0.042356342981975,4018.0,0.052358353281676,0.028586503631828,4609.0,,,,,,,,,,,,,,,,,,,,,,,,,,,,,,,,,,,,,,,,,,,,,,,,,,,,,,,,,,,,,,,,,,,,,,,,
Miserableness,,,,,,,,,,,,,,,,,,,,,,,,,,,,,,,,,,,,,,,,,,,,,,,,,,,,,,,,,,,,,,,,,,,,,,,,,,,,,,,,,,,,,,,,,,,,,,,,,,,,,,,,,,,,,,,,,,,,,,,,,,,,,,,,,,,,,,,,,,,,,,,,,,,,,,,,,,,,,,,,,,,1.6756626763360826e-06,0.0515430231978437,8627.0,0.0004671997998031,0.0551870927788111,4018.0,0.0011329403865288,0.0479449421996063,4609.0,9.207819227882495e-06,0.0477367886353572,8627.0,0.0012729159425344,0.0508259382777197,4018.0,0.0011746948938458,0.047793528293556,4609.0,,,,,,,,,,,,,,,,,,,,,,,,,,,,,,,,,,,,,,,,,,,,,,,,,,,,,,,,,,,,,,,,,,,,,,,,
"Loneliness, isolation",,,,,,,,,,,,,,,,,,,,,,,,,,,,,,,,,,,,,,,,,,,,,,,,,,,,,,,,,,,,,,,,,,,,,,,,,,,,,,,,,,,,,,,,,,,,,,,,,,,,,,,,,,,,,,,,,,,,,,,,,,,,,,,,,,,,,,,,,,,,,,,,,,,,,,,,,,,,,,,,,,,0.0389755763533147,0.022230956933218,8627.0,0.0102999790310265,0.0404806966635513,4018.0,0.5015224798424878,0.009904430841577,4609.0,0.0271374553364275,0.0237929327317608,8627.0,0.019856898320106,0.0367509655516233,4018.0,0.3507935375462164,0.0137497152402774,4609.0,,,,,,,,,,,,,,,,,,,,,,,,,,,,,,,,,,,,,,,,,,,,,,,,,,,,,,,,,,,,,,,,,,,,,,,,
Felt hated by family member as a child,,,,,,,,,,,,,,,,,,,,,,,,,,,,,,,,,,,,,,,,,,,,,,,,,,,,,,,,,,,,,,,,,,,,,,,,,,,,,,,,,,,,,,,,,,,,,,,,,,,,,,,,,,,,,,,,,,,,,,,,,,,,,,,,,,,,,,,,,,,,,,,,,,,,,,,,,,,,,,,,,,,0.157930070335844,0.015206839010806,8627.0,0.1058894784428973,0.0255190043827738,4018.0,0.8864056064854429,0.0021052332967385,4609.0,0.0955080795299965,0.0179521915906948,8627.0,0.1268439046960108,0.0240945908958142,4018.0,0.4233643723903532,0.0117979942822836,4609.0,,,,,,,,,,,,,,,,,,,,,,,,,,,,,,,,,,,,,,,,,,,,,,,,,,,,,,,,,,,,,,,,,,,,,,,,
Frequency of tiredness / lethargy in last 2 weeks,,,,,,,,,,,,,,,,,,,,,,,,,,,,,,,,,,,,,,,,,,,,,,,,,,,,,,,,,,,,,,,,,,,,,,,,,,,,,,,,,,,,,,,,,,,,,,,,,,,,,,,,,,,,,,,,,,,,,,,,,,,,,,,,,,,,,,,,,,,,,,,,,,,,,,,,,,,,,,,,,,,0.0004588361618458,0.0377208382217709,8627.0,0.0058777338721357,0.0434590180110542,4018.0,0.0300890742263742,0.0319551266242015,4609.0,0.0030928205635306,0.0318529161562318,8627.0,0.0201465015475588,0.0366652983631146,4018.0,0.0615057028487705,0.0275506170831215,4609.0,,,,,,,,,,,,,,,,,,,,,,,,,,,,,,,,,,,,,,,,,,,,,,,,,,,,,,,,,,,,,,,,,,,,,,,,
Tense / 'highly strung',,,,,,,,,,,,,,,,,,,,,,,,,,,,,,,,,,,,,,,,,,,,,,,,,,,,,,,,,,,,,,,,,,,,,,,,,,,,,,,,,,,,,,,,,,,,,,,,,,,,,,,,,,,,,,,,,,,,,,,,,,,,,,,,,,,,,,,,,,,,,,,,,,,,,,,,,,,,,,,,,,,0.0006495310810089,0.0367131595807293,8627.0,0.0021449662898369,0.048421202644098,4018.0,0.0341627119707125,0.0312074906551915,4609.0,0.0007031481549814,0.0364797715516251,8627.0,0.0020761974176436,0.0485743713741896,4018.0,0.0764843899301807,0.0261015257668329,4609.0,,,,,,,,,,,,,,,,,,,,,,,,,,,,,,,,,,,,,,,,,,,,,,,,,,,,,,,,,,,,,,,,,,,,,,,,
Financial situation satisfaction,,,,,,,,,,,,,,,,,,,,,,,,,,,,,,,,,,,,,,,,,,,,,,,,,,,,,,,,,,,,,,,,,,,,,,,,,,,,,,,,,,,,,,,,,,,,,,,,,,,,,,,,,,,,,,,,,,,,,,,,,,,,,,,,,,,,,,,,,,,,,,,,,,,,,,,,,,,,,,,,,,,0.0661524998155733,0.0197864173253249,8627.0,0.7920137892999556,0.0041623716635015,4018.0,0.0548742262090617,0.0282874529901301,4609.0,0.0685741122014392,0.019612282542579,8627.0,0.7198723307756162,0.0056608390335959,4018.0,0.0301916271004047,0.031935267872478,4609.0,,,,,,,,,,,,,,,,,,,,,,,,,,,,,,,,,,,,,,,,,,,,,,,,,,,,,,,,,,,,,,,,,,,,,,,,
Happiness,,,,,,,,,,,,,,,,,,,,,,,,,,,,,,,,,,,,,,,,,,,,,,,,,,,,,,,,,,,,,,,,,,,,,,,,,,,,,,,,,,,,,,,,,,,,,,,,,,,,,,,,,,,,,,,,,,,,,,,,,,,,,,,,,,,,,,,,,,,,,,,,,,,,,,,,,,,,,,,,,,,0.4679607923996963,0.007816628889122,8627.0,0.5370470210098962,-0.0097434665992752,4018.0,0.1293336648672593,0.0223493118567626,4609.0,0.1740668519517246,0.0146381162881031,8627.0,0.5166341575760279,0.0102368278719729,4018.0,0.1906336209024128,0.0192846072794153,4609.0,,,,,,,,,,,,,,,,,,,,,,,,,,,,,,,,,,,,,,,,,,,,,,,,,,,,,,,,,,,,,,,,,,,,,,,,
Ever had period extreme irritability,,,,,,,,,,,,,,,,,,,,,,,,,,,,,,,,,,,,,,,,,,,,,,,,,,,,,,,,,,,,,,,,,,,,,,,,,,,,,,,,,,,,,,,,,,,,,,,,,,,,,,,,,,,,,,,,,,,,,,,,,,,,,,,,,,,,,,,,,,,,,,,,,,,,,,,,,,,,,,,,,,,0.1652227933201964,0.0149446482133063,8627.0,0.0454935186392898,0.0315626687160403,4018.0,0.9717288416770612,0.0005222797363785,4609.0,0.7582265348962101,0.0033150555794355,8627.0,0.3230102621673999,0.0155989973319002,4018.0,0.5071068861033377,-0.0097755374013071,4609.0,,,,,,,,,,,,,,,,,,,,,,,,,,,,,,,,,,,,,,,,,,,,,,,,,,,,,,,,,,,,,,,,,,,,,,,,
Pain type(s) experienced in last month: Hip pain,,,,,,,,,,,,,,,,,,,,,,,,,,,,,,,,,,,,,,,,,,,,,,,,,,,,,,,,,,,,,,,,,,,,,,,,,,,,,,,,,,,,,,,,,,,,,,,,,,,,,,,,,,,,,,,,,,,,,,,,,,,,,,,,,,,,,,,,,,,,,,,,,,,,,,,,,,,,,,,,,,,,,,,,,,,,,,,,,,,,,0.8456446440223405,-0.0020966507723574,8627.0,0.2568124140288576,-0.0178978276866388,4018.0,0.7078331888179601,0.0055229063400348,4609.0,,,,,,,,,,0.612416804517772,-0.0054562389752937,8627.0,0.2450484422599242,-0.0183476324076477,4018.0,0.7689557029061642,0.0043288399126869,4609.0,,,,,,,,,,,,,,,,,,,,,,,,,,,,,,,,,,,,,,,,,,,,,
Diagnoses - main ICD10: M54 Dorsalgia,,,,,,,,,,,,,,,,,,,,,,,,,,,,,,,,,,,,,,,,,,,,,,,,,,,,,,,,,,,,,,,,,,,,,,,,,,,,,,,,,,,,,,,,,,,,,,,,,,,,,,,,,,,,,,,,,,,,,,,,,,,,,,,,,,,,,,,,,,,,,,,,,,,,,,,,,,,,,,,,,,,,,,,,,,,,,,,,,,,,,0.109934349761715,0.0172141611576678,8627.0,0.2082560419995024,0.0198612112455392,4018.0,0.3397501405539586,0.0140681039179536,4609.0,,,,,,,,,,0.907223523996873,-0.0012551291700821,8627.0,0.3456409215058678,-0.0148854509497334,4018.0,0.4764822342385331,0.0104920319391109,4609.0,,,,,,,,,,,,,,,,,,,,,,,,,,,,,,,,,,,,,,,,,,,,,
Leg pain on walking,,,,,,,,,,,,,,,,,,,,,,,,,,,,,,,,,,,,,,,,,,,,,,,,,,,,,,,,,,,,,,,,,,,,,,,,,,,,,,,,,,,,,,,,,,,,,,,,,,,,,,,,,,,,,,,,,,,,,,,,,,,,,,,,,,,,,,,,,,,,,,,,,,,,,,,,,,,,,,,,,,,,,,,,,,,,,,,,,,,,,0.7570104730585061,-0.0033322703690346,8627.0,0.2001577107535205,-0.020219844068459,4018.0,0.6599653050512904,0.0064836332840412,4609.0,4609.0,0.6143898817201776,0.0074246453407443,4018.0,0.5972506495811549,0.008339871827769,8627.0,0.481142872839028,0.0075868608230379,0.9720159713038669,0.0003778050952172,8627.0,0.1148351091962799,-0.0248860188290913,4018.0,0.0806326034545582,0.0257416561562265,4609.0,,,,,,,,,,,,,,,,,,,,,,,,,,,,,,,,,,,,,,,,,,,,,
Fractured/broken bones in last 5 years,,,,,,,,,,,,,,,,,,,,,,,,,,,,,,,,,,,,,,,,,,,,,,,,,,,,,,,,,,,,,,,,,,,,,,,,,,,,,,,,,,,,,,,,,,,,,,,,,,,,,,,,,,,,,,,,,,,,,,,,,,,,,,,,,,,,,,,,,,,,,,,,,,,,,,,,,,,,,,,,,,,,,,,,,,,,,,,,,,,,,,,,,,,,,,,,,,,,,,,0.606371324783179,-0.0055492168374813,8627.0,0.3878682115235587,-0.0136293586011949,4018.0,0.5864696291025703,0.0080161902670812,4609.0,,,,,,,,,,,,,,,,,,,,,,,,,,,,,,,,,,,,,,,,,,,,,
"Disorders of gallbladder, biliary tract and pancreas",,,,,,,,,,,,,,,,,,,,,,,,,,,,,,,,,,,,,,,,,,,,,,,,,,,,,,,,,,,,,,,,,,,,,,,,,,,,,,,,,,,,,,,,,,,,,,,,,,,,,,,,,,,,,,,,,,,,,,,,,,,,,,,,,,,,,,,,,,,,,,,,,,,,,,,,,,,,,,,,,,,,,,,,,,,,,,,,,,,,,,,,,,,,,,,,,,,,,,,,,,,,,,,,,,,,,,,,,,,,,,,,,,,,,,,,,,,4609.0,0.5524868760517219,0.0087541598181991,4018.0,0.6268921926998603,0.007672956347505,8627.0,0.4744337339929227,0.0077033652944338,,,,,,,,,
