covariate,coef,exp(coef),se(coef),coef lower 95%,coef upper 95%,exp(coef) lower 95%,exp(coef) upper 95%,cmp to,z,p,-log2(p)
bt__albumin,0.017776282162073224,1.0179352206475198,0.03545196270322281,-0.05170828791750075,0.08726085224164719,0.9496058379395566,1.0911812796802431,0.0,0.5014188441662003,0.6160763804078679,0.6988188692845028
bt__alkaline_phosphatase,-0.03021814923464652,0.9702338546877286,0.02985923610519352,-0.08874117660670386,0.02830487813741082,0.9150823876553364,1.0287092675821088,0.0,-1.0120201711855104,0.3115284089847114,1.6825643629943534
bt__alt_gpt,-0.16206974240286176,0.8503818947953619,0.04432543228169577,-0.24894599327415454,-0.07519349153156898,0.7796220770835288,0.9275639931862416,0.0,-3.6563601088621223,0.00025582191456752023,11.93257252391599
bt__ast_got,0.1384159091252781,1.1484531030835354,0.04065267934247333,0.05873812173897493,0.21809369651158128,1.0604974831357021,1.243703592848064,0.0,3.404840993608585,0.0006620258935844234,10.56082473379298
bt__basophils_%,-0.36691961170424503,0.6928653410696637,0.038794165027232645,-0.4429547779679244,-0.2908844454405657,0.642136245137085,0.7476020618538616,0.0,-9.458113390162556,3.1354915488534782e-21,68.1117983615679
bt__basophils_abs,0.5231026581739328,1.6872545109238317,0.03652884441136947,0.45150743873078136,0.5946978776170841,1.570678102810214,1.8124832704672924,0.0,14.320262975828465,1.6350333982708418e-46,152.09937225935366
bt__bilirubin_total,-0.031644450160879495,0.968850995663112,0.03168484690440202,-0.09374560894917289,0.03045670862741389,0.9105143594860875,1.0309252589132243,0.0,-0.9987250453302043,0.3179279045988534,1.6532284472079088
bt__calcium,0.025406099407049756,1.0257315849441664,0.03471107763114108,-0.04262636261456065,0.09343856142866017,0.9582693684471862,1.097943145210801,0.0,0.7319305864551048,0.4642109362274971,1.1071475837187026
bt__creatinine,-0.046427678411282876,0.9546335986919671,0.038714365510291886,-0.1223064404957746,0.029451083673208846,0.884877164753777,1.0298890558500942,0.0,-1.199236453944737,0.23043601630178479,2.1175618725552976
bt__eosinophils_%,0.06462981786011018,1.0667640542828924,0.0954158739021369,-0.12238185854149342,0.2516414942617138,0.8848104315637851,1.2861348678934938,0.0,0.6773486969935173,0.4981847406168446,1.0052472623362236
bt__eosinophils_abs,-0.1150504479883432,0.8913211774122382,0.09662560371774792,-0.30443315125956866,0.07433225528288227,0.7375413302956416,1.0771646396888481,0.0,-1.1906828372779528,0.23377811803337814,2.0967881970200866
bt__glucose,0.10337903885241662,1.1089116500264096,0.03041241157127212,0.043771807489714064,0.16298627021511916,1.0447439249466755,1.1770205293388603,0.0,3.3992384527003288,0.0006757377493758425,10.531248927543347
bt__hba1c,-0.13185175005895852,0.8764709222108329,0.033607525626734386,-0.19772128989686483,-0.06598221022105222,0.8205985303700553,0.9361475180008932,0.0,-3.9232805034022507,8.735134877380561e-05,13.482810494772078
bt__hct,-0.014265971191447829,0.9858353055996413,0.037685084997013715,-0.08812738053992544,0.05959543815702978,0.9156442340375679,1.061407054878984,0.0,-0.3785574901205161,0.705016494587126,0.504271083644481
bt__hdl_cholesterol,0.0020145504411640497,1.0020165810112371,0.03862801361323655,-0.0736949650351025,0.07772406591743061,0.9289550143879591,1.0808243812354659,0.0,0.052152576659384046,0.9584071198166532,0.06128946922516273
bt__hemoglobin,-3.936907801217257e-06,0.9999960630999484,0.0014135260331963348,-0.0027743970240758026,0.002766523208473368,0.9972294480585971,1.0027703535652472,0.0,-0.0027851682309061737,0.9977777601423675,0.0032095819750741173
bt__ldl_cholesterol,0.030265290064172338,1.030727939567249,0.030672128807998758,-0.029850977728678684,0.09038155785702336,0.9705901623222978,1.0945918541586888,0.0,0.9867358817389837,0.3237721347857648,1.6269492684077114
bt__lymphocytes_%,0.03771579257980001,1.0384360597017106,0.1291773421073926,-0.21546714556929886,0.2908987307288989,0.8061647559071362,1.3376291163651812,0.0,0.29196910204612114,0.7703102481587918,0.37648847592107587
bt__lymphocytes_abs,0.04510778264645202,1.0461406096358432,0.07663379881214304,-0.10509170302383672,0.19530726831674075,0.900241963890609,1.215684470427818,0.0,0.5886147280396135,0.5561197517326004,0.846532516563987
bt__mch,-0.008134245053504999,0.9918987483982425,0.031234653636183697,-0.06935304125000809,0.053084551142998086,0.9329972354176004,1.054518802120172,0.0,-0.26042373154674286,0.7945369391891353,0.33181380074321004
bt__mchc,-1.0424617648112e-05,0.999989575436688,0.007048830862755492,-0.013825879241763272,0.013805030006467049,0.9862692592641036,1.0139007594418723,0.0,-0.0014789144258225062,0.9988199974430355,0.001703389036645803
bt__mcv,-4.664319000297386e-06,0.9999953356918776,0.0016563161819464702,-0.0032509843826262702,0.0032416557446256758,0.9967542943451985,1.0032469155926123,0.0,-0.00281608007645978,0.9977530961547815,0.003245244277632322
bt__mean_platelet_volume,-0.044825703361632004,0.9561641235025912,0.031990186998465175,-0.10752531773732524,0.017873911014061238,0.8980537854731347,1.0180346053458378,0.0,-1.4012329269529638,0.1611444309646046,2.6335737641292325
bt__monocytes_%,0.1387042835630651,1.1487843353586271,0.07490749360401791,-0.008111706072974456,0.28552027319910467,0.9919211050367679,1.3304540476698947,0.0,1.8516743371003037,0.0640726012826258,3.964148626128147
bt__monocytes_abs,-0.0677247377858207,0.9345176755811632,0.07804889306292723,-0.2206977572223761,0.08524828165073473,0.8019590299888918,1.0889874087279956,0.0,-0.867721951305797,0.3855465658454371,1.3750229772706708
bt__neutrophils_%,0.09766538726488415,1.1025937814543556,0.12653099712415625,-0.15033081002640325,0.3456615845561715,0.8604232926873647,1.412924379469984,0.0,0.7718692611665089,0.4401918648161721,1.1837956118519322
bt__neutrophils_abs,-0.01961968336231838,0.980571530067768,0.08509652796345085,-0.18640581338008763,0.1471664466554509,0.8299367272053042,1.1585467832195224,0.0,-0.23055797729779381,0.8176582172987072,0.29043017500856355
bt__platelets,0.024525809621858765,1.0248290412158871,0.036150645415209015,-0.04632815340982893,0.09537977265354647,0.9547286133303524,1.100076554797946,0.0,0.6784335200704456,0.49749686183496633,1.0072406695917007
bt__protein_total,-0.038134116562909035,0.9625838337983924,0.03466798243411178,-0.10608211355043537,0.0298138804246173,0.8993507961568846,1.0302627640398272,0.0,-1.099980843574754,0.27134046851858973,1.881823863422747
bt__rbc,-4.748401236094673e-06,0.9999952516100375,0.0016890045709261436,-0.0033151365299748637,0.003305639727502674,0.9966903524678636,1.003311109379746,0.0,-0.002811360796667915,0.99775686158036,0.0032397996936171175
bt__rdw,-0.07336265312795684,0.9292637684989352,0.02971622773311057,-0.13160538924124388,-0.01511991701466979,0.8766868769042271,0.9849938150028661,0.0,-2.468774091612386,0.013557677879068303,6.2047460908900725
bt__triglycerides,-0.013325385857780179,0.9867630040508841,0.03716386699312526,-0.08616522669054255,0.0595144549749822,0.9174426326864724,1.0613211022386384,0.0,-0.3585575704553342,0.7199260927122413,0.47407928715243974
bt__urea,0.021956229173697852,1.0221990409945463,0.03158948012971415,-0.039958014170885556,0.08387047251828127,0.9608297795403867,1.087488025100548,0.0,0.6950487657137816,0.4870247411099543,1.0379330310602621
bt__uric_acid,-0.11887229158885665,0.8879211885257176,0.03837816082621399,-0.19409210460112203,-0.04365247857659127,0.8235820450793869,0.9572865772673891,0.0,-3.097394169750354,0.0019523009112591809,9.000608849730755
bt__vitamin_d,0.059844374904996035,1.0616713109896578,0.030086458487365235,0.0008759998474007422,0.11881274996259134,1.0008763836473284,1.1261590252245006,0.0,1.989080068367887,0.04669236594943796,4.420669496524653
bt__wbc,-3.0230899442528587e-06,0.9999969769146253,0.0011834978212398827,-0.002322636195356046,0.00231659001546754,0.9976800590370067,1.0023192753833492,0.0,-0.0025543688294125807,0.99796191076477,0.0029433416488997607
sleep_hours_in_24H,0.08196658433227597,1.0854195392048855,0.028735185721777492,0.025646655228522483,0.13828651343602943,1.0259783603286308,1.148304507816693,0.0,2.8524814534313614,0.004337934371346557,7.848776058034814
walking_10min_days_a_week,-1.8044029025522837e-06,0.9999981955987254,0.0008077647501855252,-0.0015849942212471757,0.0015813854154420712,0.9984162612187175,1.001582636464735,0.0,-0.002233822288157354,0.998217669166996,0.002573654087434315
walking_minutes_day,-0.009768991098034767,0.9902785704932482,0.031139779038769584,-0.07080183650055846,0.051263854304488925,0.9316464921656232,1.0526005898424142,0.0,-0.3137142073446378,0.753738109240283,0.40786475724497445
physical_activity_maderate_days_a_week,0.026794096915509828,1.0271562863406838,0.02748551506954186,-0.02707652271732514,0.0806647165483448,0.9732867601269922,1.0840073858926473,0.0,0.974844271526924,0.3296375129795792,1.6010476633187305
moderate_activity_minutes,-1.318241433229122e-06,0.9999986817594356,0.0009397081371700001,-0.0018431123462656542,0.0018404758633991962,0.9981585851422473,1.0018421705786358,0.0,-0.0014028200683662297,0.9988807118929748,0.0016156957846433359
vigorous_activity_minutes,0.0004958490354111351,1.0004959719888653,0.031131687969923594,-0.06052113816357798,0.061512836234400244,0.941273872007035,1.063444147059532,0.0,0.015927470296187476,0.987292254652899,0.018450885659665114
hours_outdoors_summer,0.034058957869697336,1.0346456054307114,0.03709715828576034,-0.03865013629917457,0.10676805203856923,0.962087249676965,1.1126761415833297,0.0,0.9181015323961025,0.3585657126780254,1.479690555689348
hours_outdoors_winter,0.09256332546865013,1.096982606298482,0.03627457828179253,0.02146645848195794,0.16366019245534233,1.021698520443296,1.1778140169952387,0.0,2.5517409120400685,0.010718619249752698,6.543737116985731
hours_watching_tv,0.039741830026523574,1.0405421027853583,0.03027972705061255,-0.01960534445438026,0.09908900450742741,0.9805855904934697,1.1041645708092684,0.0,1.3124897050787518,0.18935495737384897,2.400834902949179
hours_using_computer_not_work,0.017274321275451813,1.017424385202073,0.027103226894122215,-0.03584702730184512,0.07039566985274874,0.9647878683987448,1.0729326243725008,0.0,0.6373529374540283,0.5238949762084701,0.9326504672645799
hours_driving,0.013816361472195504,1.0139122484886738,0.026314477067394718,-0.03775906585190332,0.06539178879629433,0.9629449192581077,1.0675772072481418,0.0,0.5250479208387857,0.5995498783933066,0.7380483140296313
sunburn_blisters_before_age_15,-0.017802002702326625,0.9823555168416535,0.029564632888206866,-0.07574761837936048,0.040143612974707234,0.9270501474555781,1.040960258857489,0.0,-0.6021384662424719,0.5470819713747626,0.8701710811825616
brothers_number,-0.10224318149757665,0.9028099782893197,0.03850785894109292,-0.17771719814386747,-0.02676916485128583,0.8371791458307879,0.9735859534459839,0.0,-2.6551250656127707,0.00792790097336295,6.978845342588045
sisters_number,-0.06897559774486892,0.9333494556318562,0.03794835993103355,-0.14335301648205756,0.005401820992319728,0.8664481444246458,1.005416437133411,0.0,-1.8176173587007063,0.06912263662304068,3.854697940872339
older_siblings_number,0.024404311566083206,1.02470453404372,0.04566540696380538,-0.06509824142233991,0.11390686455450633,0.9369754090588205,1.1206477479963834,0.0,0.5344157249146204,0.5930539418986969,0.7537647621726474
glasses_contact_lenses_start_age,-0.008988924334769468,0.9910513552651348,0.029691466119291056,-0.06718312857677118,0.04920527990723225,0.9350239560509838,1.0504359620057746,0.0,-0.30274437438201174,0.7620846778480848,0.39197678545720943
height,0.03215207120018624,1.0326745334207879,0.07686741419102064,-0.11850529219893727,0.18280943459930973,0.8882471148639284,1.2005855962045062,0.0,0.4182795992107423,0.6757427036267358,0.5654540656314313
hips,-0.13858572578911407,0.8705886161739705,0.06014432499592252,-0.2564664366555943,-0.02070501492263381,0.773780964800662,0.9795078621596257,0.0,-2.3042194886800957,0.021210325749061124,5.559089411765934
trunk_fat,-0.011056961802675689,0.9890039417234799,0.05149086797781828,-0.11197720857190628,0.0898632849665549,0.8940646342779717,1.0940247038565587,0.0,-0.21473636465865967,0.8299728689766399,0.2688639179851528
body_fat,6.667878686900368e-07,1.000000666788091,0.0008973790454716801,-0.0017581638217367345,0.0017594973974741147,0.9982433808428848,1.0017610462212705,0.0,0.0007430392675812482,0.9994071404948803,0.0008555691091865872
waist,0.14389435168127845,1.1547621034054611,0.06841343165465806,0.009806489579356176,0.27798221378320076,1.0098547307615566,1.3204627109641778,0.0,2.1033055673575634,0.035439067100531026,4.818515562945902
bmi,-0.07378450310164221,0.9288718412757038,0.11180908224615337,-0.2929262774485796,0.14535727124529518,0.7460771413802202,1.1564526637537198,0.0,-0.6599151126131407,0.5093083054483025,0.9733888509851596
hand_grip_right,-0.14962271892111612,0.8610327665237343,0.06600114529261046,-0.27898258663302794,-0.02026285120920429,0.7565530772367127,0.9799410607585842,0.0,-2.266971554171924,0.023391963479835014,5.417843225744431
hand_grip_left,-0.03909205964873706,0.9616621747891936,0.0647354803094492,-0.16597126957715935,0.08778715027968521,0.8470705705354686,1.0917557173963446,0.0,-0.6038737870155408,0.5459275576089497,0.8732185708707898
sitting_blood_pressure_pulse_rate,0.059891336653880085,1.0617211701018883,0.03046686004461938,0.00017738824440372003,0.11960528506335645,1.0001774039786286,1.1270518995514214,0.0,1.9657863188450637,0.049323298817919956,4.341586897148744
sitting_blood_pressure_systolic,7.149662485750334e-06,1.0000071496880447,0.0030271789341062027,-0.005926012023120757,0.005940311348092257,0.9940915121528813,1.0059579899857503,0.0,0.002361823546404047,0.9981155392089702,0.0027212671046202706
sitting_blood_pressure_diastolic,0.015473548031191827,1.0155938832452773,0.030980922144240086,-0.04524794357935817,0.07619503964174182,0.9557604777786277,1.079173035154652,0.0,0.49945408206865266,0.6174595274498015,0.6955835192605706
weight,0.1274490597999664,1.1359270024185995,0.13026425551654808,-0.1278641894853909,0.3827623090853237,0.8799728805994395,1.4663294554540465,0.0,0.9783885786210628,0.3278821748880082,1.6087506222496606
age,-0.20506527271418473,0.8145941439053448,0.04776779073841691,-0.29868842218252784,-0.11144212324584164,0.7417904988966337,0.8945431631598009,0.0,-4.292961209722903,1.7630581754240862e-05,15.791560394554036
alcohol_drink (Daily or almost daily),-0.08996620477551977,0.9139620723027081,0.03584159823184547,-0.16021444645829136,-0.01971796309274816,0.8519610693412011,0.9804751644975945,0.0,-2.5101058327132373,0.01206949829066624,6.372490482912234
alcohol_drink (Three or four times a week),-0.15719490226214092,0.8545374912958812,0.03473551270990478,-0.22527525615808758,-0.08911454836619426,0.7982964525002264,0.9147407855104444,0.0,-4.52548098469026,6.025829964168682e-06,17.34040860553744
alcohol_drink (Once or twice a week),-0.09181769597838367,0.9122714451397067,0.0326262335905098,-0.1557639387669738,-0.027871453189793532,0.8557611785682778,0.9725133722584354,0.0,-2.8142290995271755,0.0048894368721718795,7.676115968463611
alcohol_drink (One to three times a month),-0.09411861953311378,0.9101747913283647,0.033405656665569806,-0.159592503477541,-0.028644735588686562,0.8524911053571548,0.9717616354748508,0.0,-2.8174455744232976,0.004840731810221726,7.690559117499269
alcohol_drink (Special occasions only),-0.07190165887511213,0.9306224097659616,0.031146441943758336,-0.1329475633314462,-0.010855754418778077,0.8755109997852487,0.9892029566402225,0.0,-2.308503135123626,0.02097116866348095,5.575448928815714
alcohol_drink (Never),-3.324730204757666e-06,0.9999966752753221,0.0012780288072379773,-0.0025082151635958763,0.002501565703186361,0.9974949277797822,1.002504697229365,0.0,-0.0026014516933643575,0.9979243441993747,0.002997650452791441
drink_alcohol_with_meals (It varies),-3.836468408299174e-06,0.9999961635389509,0.0014401930146465515,-0.002826562907901707,0.0028188899710851084,0.9971774280599084,1.002822866777268,0.0,-0.002663857114485943,0.9978745520499113,0.00306963655044487
drink_alcohol_with_meals (No),0.04623220305808675,1.047317573067606,0.024118405442581755,-0.0010390029739083123,0.09350340909008181,0.9989615366027915,1.0980143465647376,0.0,1.9168847280617662,0.0552525776695865,4.177814418403999
drink_alcohol_with_meals (Yes),-0.06158878165369168,0.9402694633557589,0.021216978146961954,-0.10317329468251049,-0.020004268624872874,0.9019706532191891,0.9801944892152482,0.0,-2.902806480125943,0.003698350912309346,8.078902165536554
eat_oily_fish (Never),-0.006843148651411264,0.9931802123722947,0.03281274072327962,-0.07115493870309007,0.05746864140026754,0.9313175838098086,1.059152056608563,0.0,-0.20855157175445155,0.8347983193015247,0.26050039896292104
eat_oily_fish (Less than once a week),-0.015229381819587865,0.9848859987482117,0.024836708270759615,-0.0639084355248048,0.03344967188562907,0.938090891398504,1.0340154023712862,0.0,-0.6131803640628777,0.5397570868463442,0.8896178143682415
eat_oily_fish (Once a week),-0.002943929865812122,0.9970603992464723,0.02309254882582273,-0.04820449387565739,0.042316634144033145,0.9529388969829597,1.0432247470357079,0.0,-0.12748397277480855,0.8985573575505259,0.1543174967586283
eat_oily_fish (2-4 times a week),-1.1336605676958317e-06,0.9999988663400748,0.0007268585911173538,-0.0014257503210112345,0.001423482999875843,0.998575265578114,1.0014244966327073,0.0,-0.001559671415526818,0.9987555627621567,0.0017964614554811628
eat_oily_fish (5-6 times a week),0.07235651477305743,1.0750385428738771,0.09177688337231123,-0.10752287125000551,0.25223590079612035,0.898055982553021,1.2868995821161473,0.0,0.788395858677493,0.43046519244354675,1.2160315093425829
eat_oily_fish (Once or more daily),-0.14439100778984376,0.8655492453874871,0.17322119130739197,-0.4838983041114547,0.19511628853176716,0.6163758816180605,1.2154523214376478,0.0,-0.8335643387512142,0.40452652812297496,1.305693779780865
eatother_fish (Never),-0.09972690601425901,0.9050845574375047,0.045546270272026734,-0.18899595537755876,-0.010457856650959288,0.827789854785386,0.9895966366055852,0.0,-2.189573491279011,0.028555183277636547,5.130103545404985
eatother_fish (Less than once a week),-0.06393459180366906,0.9380663547524435,0.02509712311358776,-0.1131240492218688,-0.01474513438546931,0.893039872343327,0.9853630427603521,0.0,-2.5474868778507296,0.010850193366855564,6.526135435868311
eatother_fish (Once a week),-0.06287563514786527,0.9390602525168418,0.022346984418390458,-0.10667491977098834,-0.019076350524742214,0.8988178134038176,0.9811044515434045,0.0,-2.813607150328603,0.004898905647399817,7.673324778985235
eatother_fish (2-4 times a week),-1.0776570012891913e-06,0.9999989223435793,0.0007446585121694485,-0.0014605815216345898,0.0014584262076320113,0.9985404846084363,1.0014594902283358,0.0,-0.0014471828142400504,0.9988453155789085,0.0016668199989472142
eatother_fish (5-6 times a week),-0.07829625704140851,0.9246904399063626,0.11419994114123537,-0.30212402871482386,0.1455315146320068,0.739246371425952,1.1566541855388333,0.0,-0.6856068073150456,0.49296108770414715,1.0204543241297555
eatother_fish (Once or more daily),-0.13158376591891022,0.8767058339921089,0.18411164135800515,-0.49243595211515534,0.22926842027733493,0.6111358817691791,1.2576795804081062,0.0,-0.7146955235874821,0.47479720439748874,1.0746166544605187
eat_chicken_poultry (Never),-0.08294046506234379,0.920405941899379,0.12051889314971578,-0.31915315509241776,0.1532722249677302,0.7267642331389446,1.165642252680483,0.0,-0.6881947128348597,0.49133017297356707,1.0252352560372087
eat_chicken_poultry (Less than once a week),-0.05501303240216847,0.9464728130587661,0.11760709932783982,-0.2855187114109593,0.1754926466066224,0.751624277096025,1.1918332246004986,0.0,-0.4677696560546481,0.6399493224044732,0.6439704322912199
eat_chicken_poultry (Once a week),-0.051912148758414864,0.949412270226006,0.11623775761513633,-0.2797339673277785,0.17590966981094874,0.7559848313711443,1.192330350360128,0.0,-0.446603150503782,0.6551616204631882,0.6100772488809558
eat_chicken_poultry (2-4 times a week),-0.06777119851049172,0.9344742582213466,0.11615857403800312,-0.2954378201205072,0.15989542309952376,0.7442056879044621,1.1733881552789729,0.0,-0.5834369014233879,0.5595992224245869,0.8375341370397563
eat_chicken_poultry (5-6 times a week),-0.07731486827105162,0.9255983661615882,0.12634400669524404,-0.3249445710562174,0.17031483451411417,0.722567403680094,1.1856780849476392,0.0,-0.6119393415909611,0.5405778911466488,0.8874255859473066
eat_chicken_poultry (Once or more daily),0.06917660662849077,1.0716254485948653,0.16882644441537803,-0.26171714406360347,0.40007035732058505,0.7697287152549759,1.4919296621222455,0.0,0.409749828399452,0.681989473665827,0.5521786230973103
eat_beef (Never),8.862291422418983e-07,1.0000008862295349,0.0008446670169290103,-0.0016546307029675024,0.0016564031612519862,0.9983467374437175,1.0016577757547198,0.0,0.0010492053371090506,0.9991628554140013,0.0012082501533570585
eat_beef (Less than once a week),-0.008371579308080766,0.9916633647815792,0.02830846545877195,-0.06385515206486993,0.047111993448708395,0.9381408774586343,1.0482393984514173,0.0,-0.29572706158421114,0.7674385288973797,0.3818768982893244
eat_beef (Once a week),-0.06063508843341302,0.9411666197061616,0.029966175306090977,-0.11936771278776487,-0.0019024640790611738,0.8874814024946187,0.9980993444586505,0.0,-2.02345103484355,0.04302666703413714,4.538625100349647
eat_beef (2-4 times a week),-0.17269743030347195,0.8413921561037789,0.0364020190857713,-0.24404407667612338,-0.10135078393082055,0.7834531014932109,0.9036160033110809,0.0,-4.7441717421376595,2.0936117329274595e-06,18.86557465471438
eat_beef (5-6 times a week),-0.24463966528625672,0.7829866246773164,0.1889934685914866,-0.6150600570388723,0.12578072646635893,0.5406084269930362,1.1340334774904903,0.0,-1.2944344961203424,0.19551538161801316,2.354645982950135
eat_beef (Once or more daily),0.0662852254027268,1.0685314460177393,0.25008921144839336,-0.42388062195814635,0.5564510727636,0.6545020104137442,1.7444705027063192,0.0,0.2650463209461754,0.7909737784621791,0.3382982261180144
never_eat (Eggs or foods containing eggs),0.024861265123082642,1.0251728834242329,0.0506249854715829,-0.07436188311908332,0.12408441336524861,0.9283356840339211,1.1321114323016297,0.0,0.49108685941328134,0.6233650151323078,0.6818509054541153
never_eat (Dairy products),2.806652617130489e-06,1.0000028066565558,0.001780806452028271,-0.0034875098567948358,0.003493123162029097,0.9965185644422615,1.003499231226745,0.0,0.0015760570801693907,0.9987424889093892,0.001815346662941032
never_eat (Wheat products),0.04258563073499979,1.0435054086830933,0.05034971439645838,-0.05609799611393649,0.14126925758393608,0.9454464812694746,1.1517347195462313,0.0,0.8457968678764797,0.39766607305592694,1.3303706112502356
never_eat (Sugar or foods/drinks containing sugar),-0.004846837805044185,0.9951648891594285,0.04691835992222267,-0.09680513346628812,0.08711145785619974,0.9077328756587532,1.0910182754998112,0.0,-0.10330364942591486,0.9177219792947205,0.12387093454068596
never_eat (I eat all of the above),0.010717615285232114,1.0107752546587656,0.04726338722103448,-0.0819169214553661,0.10335215202583033,0.9213484998093072,1.108881835311989,0.0,0.22676358837993438,0.8206075784173512,0.28523561711969186
eat_cheese (Never),-0.021443581961177276,0.9787846970244792,0.04731941586564621,-0.11418793282731708,0.07130076890496252,0.8920902870777929,1.073904174282036,0.0,-0.45316666676659606,0.6504287329924425,0.6205371043408243
eat_cheese (Less than once a week),0.015818063615192772,1.015943831442914,0.024107943785567954,-0.03143263794583663,0.06306876517622217,0.9690562318735506,1.0651000785077134,0.0,0.6561349136985354,0.5117373220431014,0.9665246390204273
eat_cheese (Once a week),-7.244304202262758e-07,0.9999992755698421,0.0006466424939023603,-0.001268120429342014,0.0012666715685015614,0.9987326832955936,1.00126747413576,0.0,-0.0011202951044161677,0.9991061340196193,0.0012901527148658804
eat_cheese (2-4 times a week),-0.005240163286416188,0.9947735424187232,0.02033145607583664,-0.04508908494831406,0.034608758375481684,0.9559123206401889,1.0352146105131925,0.0,-0.2577367438352816,0.7966100863872625,0.3280543481895814
eat_cheese (5-6 times a week),-0.03686118113681539,0.9638099210604161,0.03243681038380748,-0.1004361612624329,0.026713798988802127,0.904442849059519,1.0270738111318243,0.0,-1.1363996860559558,0.2557893271325063,1.9669720261886758
eat_cheese (Once or more daily),-0.10347301854996682,0.9017003515966215,0.047741213571981994,-0.19704407772928634,-0.009901959370647292,0.8211544378919421,0.9901469036162771,0.0,-2.1673730265351336,0.030206422284409694,5.04900087158774
spread_type (Never/rarely use spread),-0.026012584700160806,0.9743228279709452,0.028606278434710957,-0.08207986016391912,0.030054690763597503,0.921198388704408,1.030510891839945,0.0,-0.9093313119890858,0.36317526713868975,1.4612621389307088
spread_type (Butter/spreadable butter),-7.02924939310027e-07,0.9999992970753078,0.0005564717844980309,-0.001091367580968185,0.001089961731089565,0.9989092277440378,1.0010905559552514,0.0,-0.0012631816363234034,0.9989921271429195,0.0014547864158379919
spread_type (Flora Pro-Active/Benecol),-0.44240452390757473,0.6424896804439579,0.11330280038630083,-0.6644739320122552,-0.22033511580289417,0.514544141720947,0.8022499062886026,0.0,-3.9046212661930357,9.437306167460928e-05,13.371265366276198
spread_type (Other type of spread/margarine),0.008716266642993182,1.0087543639032694,0.01764444720249412,-0.025866214401013804,0.043298747687000164,0.9744654503323253,1.0442498154725333,0.0,0.4939948836572845,0.621309792822504,0.6866153012787584
bread_type_mainly_eat (White),0.009309241513169442,1.009352707275004,0.027223537621464778,-0.044047911756672734,0.06266639478301161,0.9569081092262332,1.0646715999796337,0.0,0.34195561365358484,0.7323842959411058,0.4493272382288843
bread_type_mainly_eat (Brown),3.626104103660567e-06,1.000003626110678,0.0012948222869195065,-0.0025341789446383604,0.0025414311528456817,0.9974690293760982,1.0025446633265338,0.0,0.002800464697195922,0.9977655553756778,0.003227229055186858
bread_type_mainly_eat (Wholemeal or wholegrain),-0.027888268597238735,0.972497019187327,0.025002182268506503,-0.07689164537841743,0.021115108183939958,0.9259901834867149,1.0213396094190936,0.0,-1.1154333768843703,0.26466475332921985,1.9177620178590151
bread_type_mainly_eat (Other type of bread),-0.002255861707360045,0.9977466808364263,0.04282452351980369,-0.08619038546126374,0.08167866204654366,0.9174195512479784,1.0851070677160906,0.0,-0.05267686647621073,0.9579893713063837,0.0619184452397216
"cereal_type (Bran cereal (e.g. All Bran, Branflakes))",-0.007134851034123037,0.9928905415887664,0.02563764148513624,-0.05738370499354005,0.04311400292529398,0.9442316934324129,1.0440569136085651,0.0,-0.27829592040514184,0.7807852075207158,0.35700237451559025
"cereal_type (Oat cereal (e.g. Ready Brek, porridge))",0.013579225212616609,1.0136718416362434,0.022074253058364683,-0.02968551576740131,0.05684396619263453,0.970750771361129,1.058490637185352,0.0,0.6151612549114535,0.5384482323545059,0.8931204474540125
cereal_type (Muesli),-0.017892375030579697,0.9822667430978296,0.02610844213626682,-0.06906398131011066,0.033279231248951255,0.9332669665247453,1.033839179145997,0.0,-0.685309944469099,0.49314835786540123,1.0199063652040814
"cereal_type (Other (e.g. Cornflakes, Frosties))",0.015504623295621715,1.015625443584123,0.023594390785760196,-0.030739532881631976,0.06174877947287541,0.9697281224738524,1.0636950891184036,0.0,0.6571317495079866,0.5110962056445016,0.9683332140132987
add_salt_to_food (Never/rarely),0.005565923303622582,1.0055814418330222,0.018526861853355937,-0.03074605867550405,0.04187790528274922,0.9697217942486615,1.042767154617218,0.0,0.30042450511468444,0.7638533740926118,0.3886323633946071
add_salt_to_food (Sometimes),-1.5733810045721085e-06,0.9999984266202332,0.0006916534259187874,-0.0013571891855891378,0.0013540424235799937,0.9986437313791464,1.0013549595529196,0.0,-0.0022748112647342712,0.9981849647785254,0.00262092156571127
add_salt_to_food (Usually),-0.01564071365158879,0.9844809670929516,0.02705673975926166,-0.06867094911881458,0.037389521815637,0.9336338425779896,1.0380973036410817,0.0,-0.5780708906820488,0.5632162589894982,0.8282391124303704
add_salt_to_food (Always),0.013727824779721596,1.0138224840255168,0.03431787884701176,-0.05353398178623042,0.08098963134567361,0.9478737300140461,1.084359653158062,0.0,0.40001961778931305,0.6891420675439995,0.5371266678165096
coffee_type (Decaffeinated coffee (any type)),0.043938502032347074,1.044918092573406,0.02187761246426521,0.0010591695346626809,0.08681783453003147,1.001059730652803,1.0906979741111293,0.0,2.008377381403753,0.04460320458845553,4.486708823176527
coffee_type (Instant coffee),-1.1813343167424892e-06,0.9999988186663811,0.0006117318953702857,-0.0012001538174369272,0.0011977911488034421,0.9988005660791315,1.00119850878712,0.0,-0.0019311308200260164,0.9984591814914978,0.0022246455491155117
"coffee_type (Ground coffee (include espresso, filter etc))",-0.08662032317969687,0.9170252027579884,0.02494016952762025,-0.1355021572221559,-0.03773848913723784,0.8732772790733526,0.9629647337048073,0.0,-3.4731248752647126,0.0005144359404046634,10.924720941330945
coffee_type (Other type of coffee),0.04397454088769753,1.0449557509039749,0.058436392648646085,-0.07055868409008997,0.15850776586548504,0.9318730517990419,1.1717610239283587,0.0,0.7525197722607263,0.4517385439562004,1.1464400799339456
diet_major_changes_5years (No),0.041668266723422824,1.0425485733255453,0.02467907840081134,-0.0067018381138077565,0.0900383715606534,0.9933205691187524,1.0942162696856317,0.0,1.688404487667293,0.09133360961073275,3.45271033837055
"diet_major_changes_5years (Yes, because of illness)",2.4213987156753367e-06,1.0000024214016472,0.0010040273187090331,-0.001965435985448348,0.001970278782879699,0.9980364942190865,1.0019722210575188,0.0,0.0024116860871761375,0.998075754770848,0.0027787734285524704
"diet_major_changes_5years (Yes, because of other reasons)",0.08289544871829098,1.086428215147795,0.025778519468850337,0.03237047898457972,0.13342041845200225,1.0329001022097248,1.1427303222684404,0.0,3.215679194395097,0.00130136219550419,9.585761735416092
smoke_tobacco_now (No),-0.002149703666109966,0.9978526052919945,0.044823717729510965,-0.09000257606914093,0.085703168736921,0.9139288309243373,1.0894828877221996,0.0,-0.04795906665043644,0.9617488651253975,0.05626787276102928
"smoke_tobacco_now (Yes, on most or all days)",1.0069191388855404e-06,1.0000010069196459,0.0009709786713751141,-0.001902076306512891,0.0019040901447906619,0.9980997314942518,1.0019059040755436,0.0,0.00103701468278343,0.999172582143582,0.001194205759941957
smoke_tobacco_now (Only occasionally),2.4596751551996432e-06,1.0000024596781802,0.0016743100258665223,-0.00327912767449751,0.0032840470248079096,0.9967262427929022,1.0032894454151435,0.0,0.0014690679248167693,0.9988278538056313,0.001692041355572403
tobacco_past_how_often (Smoked on most or all days),-0.12175352182361696,0.885366565147575,0.052882127166477805,-0.22540058649578065,-0.018106457151453273,0.7981964080056914,0.982056479857807,0.0,-2.302356738417985,0.021315062546586386,5.551982901044885
tobacco_past_how_often (Smoked occasionally),-0.09820892277019697,0.9064595039390085,0.051147504257265566,-0.19845618901354656,0.002038343473152626,0.8199956947737411,1.0020404223074295,0.0,-1.9201117277632616,0.054843788238613154,4.188527963582741
tobacco_past_how_often (Just tried once or twice),-0.07235840924501694,0.930197444694924,0.054937766377786995,-0.18003445273655494,0.03531763424652108,0.8352414345624495,1.0359487093336623,0.0,-1.3170977638121384,0.18780585650304304,2.4126860424592667
tobacco_past_how_often (I have never smoked),-0.08945553707619691,0.9144289224039273,0.05203627929945298,-0.1914447703925919,0.01253369624019808,0.8257652305365799,1.0126125722022226,0.0,-1.7190994106517006,0.08559627210602479,3.5463082241210295
smoking_reduce_why (None of the above),-0.0018289187697636186,0.9981727526830305,0.08200989374040614,-0.16256535687691648,0.15890751933738922,0.8499605376438037,1.172229533103762,0.0,-0.022301196676987198,0.9822076943104485,0.02589997068436994
smoking_reduce_why (Illness or ill health),0.004998016705422054,1.0050105276254944,0.09552472262341952,-0.1822269992696587,0.1922230326805028,0.833412134995833,1.2119407892268386,0.0,0.052321708644215474,0.9582723560091514,0.061492344123701234
smoking_reduce_why (Doctor's advice),-0.013522626296520523,0.9865683936761811,0.1060231023244128,-0.2213240883815745,0.19427883578853347,0.8014568953277166,1.2144348636526607,0.0,-0.12754414839837047,0.8985097331104961,0.15439396306734796
smoking_reduce_why (Health precaution),0.014010172851618211,1.0141087752641145,0.06604056612359414,-0.11542695826926228,0.1434473039724987,0.8909856489942547,1.154245985026313,0.0,0.21214495383637896,0.8319939496783888,0.2653550578680169
smoking_reduce_why (Financial reasons),-0.16577317715253545,0.8472383854194934,0.08045211672957092,-0.3234564284225068,-0.008089925882564075,0.723643487523774,0.9919427095025816,0.0,-2.060519771154809,0.03934887773310627,4.6675337004707025
tobacco_type_past (None of the above),0.1408627687083714,1.151266647334653,0.37117983005268756,-0.5866363299825943,0.868361867399337,0.5561949982269512,2.38300397790407,0.0,0.3795000625124928,0.7043165578650992,0.5057040952652202
tobacco_type_past (Manufactured cigarettes),-0.044316153678149145,0.9566514607798129,0.08884327596765841,-0.21844577484331254,0.12981346748701425,0.803767062657905,1.1386159746156017,0.0,-0.4988126922996574,0.6179113452047291,0.694528232499466
tobacco_type_past (Hand-rolled cigarettes),0.08525770479225793,1.0889976704588138,0.104221602249491,-0.1190128820278031,0.28952829161231897,0.887796364070841,1.3357972326299075,0.0,0.8180425454232001,0.41333289395226336,1.274623913721653
tobacco_type_past (Cigars or pipes),1.3846501402125156e-05,1.0000138465972654,0.004976397286933479,-0.009739712953750332,0.00976740595655458,0.9903075644365592,1.0098152627514565,0.0,0.002782434882858308,0.9977799410301237,0.0032064286150397703
stop_smoking_why (None of the above),2.765741689556494e-06,1.0000027657455142,0.001359579876224745,-0.002661961849816368,0.002667493333195481,0.9973415780289245,1.0026710542590815,0.0,0.0020342620083759638,0.9983768948703506,0.002343548148816165
stop_smoking_why (Illness or ill health),0.10999786594599255,1.1162756882637235,0.042936175521584866,0.02584450828979594,0.19415122360218917,1.026181373370736,1.2142798968525736,0.0,2.5618924976374395,0.010410353639680351,6.585837111958974
stop_smoking_why (Doctor's advice),-0.013904550866722817,0.9861916709108706,0.054864347179444294,-0.12143669537373533,0.09362759364028969,0.8856471171340526,1.0981507114495181,0.0,-0.2534350918501834,0.7999320131921926,0.3220507053854583
stop_smoking_why (Health precaution),-4.408205998241553e-06,0.9999955918037179,0.0015632138547750929,-0.00306825106149145,0.003059434649494967,0.9969364512103172,1.0030641194961245,0.0,-0.002819963490456514,0.9977499976510132,0.0032497245473292005
stop_smoking_why (Financial reasons),-0.007759329129813702,0.9922706967540303,0.03659948991452258,-0.0794930112148149,0.06397435295518751,0.9235844746795449,1.0660650569925991,0.0,-0.2120064828208117,0.8321019767243439,0.2651677488538819
smoke_houshold (No),2.0513934851846434e-06,1.0000020513955894,0.0010076813530033478,-0.001972967766293969,0.001977070553264339,0.9980289772552443,1.0019790262458859,0.0,0.002035756123769245,0.9983757027412147,0.00234527082471964
"smoke_houshold (Yes, one household member smokes)",-0.015989039039502446,0.9841381070950829,0.02909125664404323,-0.07300685432683873,0.04102877624783385,0.9295944582597113,1.0418820865712437,0.0,-0.5496166506363824,0.5825823359082063,0.7794661357434107
"smoke_houshold (Yes, more than one household member smokes)",-0.04059190140661505,0.9602209148036074,0.07017552084746878,-0.1781333948639936,0.09694959205076349,0.8368307871140415,1.1018048324991003,0.0,-0.5784339170755038,0.5629712006596383,0.8288669731648659
easy_getting_up (Not at all easy),0.10669419503156516,1.1125939656884178,0.0837802611050893,-0.05751209934977175,0.27090048941290207,0.9441104671945499,1.3111445911246287,0.0,1.273500388089432,0.2028405349361655,2.301582110653476
easy_getting_up (Not very easy),0.09519930911486935,1.0998780490021194,0.08044766863112379,-0.062475224042345956,0.25287384227208465,0.9394363379600705,1.2877208106550022,0.0,1.1833693969602297,0.23666278037065128,2.0790952616363683
easy_getting_up (Fairly easy),0.0700716151321991,1.0725849918197683,0.0791801646896588,-0.08511865594948224,0.22526188621388044,0.9184033039199598,1.2526507251952077,0.0,0.8849642509186483,0.3761759126772186,1.4105206218201927
easy_getting_up (Very easy),0.0711344387798538,1.0737255665207102,0.08046477879796753,-0.08657362968814468,0.22884250724785227,0.9170680228662488,1.257144032344441,0.0,0.8840444209566459,0.3766722339818461,1.4086184045090744
consider_yourself_morning_evening (Definitely a 'morning' person),0.007543585432666498,1.0075721099538655,0.030786763647534757,-0.05279736251704861,0.06788453338238161,0.9485722092933903,1.0702417241520576,0.0,0.24502690568680638,0.8064355985203429,0.31036876969635835
consider_yourself_morning_evening (More a 'morning' than 'evening' person),-0.015764500517835168,0.9843591088215383,0.02939181340382375,-0.07337139622965133,0.041842395193981,0.9292556438868234,1.0427301265204323,0.0,-0.5363568522037593,0.5917119457381381,0.7570330737504137
consider_yourself_morning_evening (More an 'evening' than a 'morning' person),0.009436401302921102,1.009481064513813,0.029801896060084078,-0.04897424164584983,0.06784704425169202,0.9522056566331442,1.0702016024722596,0.0,0.31663761540192686,0.7515185903025612,0.4121193023816689
consider_yourself_morning_evening (Definitely an 'evening' person),0.06067686636339386,1.0625555112812122,0.036516127478939016,-0.010893428350200011,0.13224716107698772,0.9891656901778632,1.1413903916856103,0.0,1.661645704309411,0.09658383365218942,3.3720744609790527
nap_during_day (Never/rarely),-1.2914809258475213e-06,0.9999987085199081,0.000604619460732843,-0.0011863238483142493,0.0011837408864625542,0.9988143795556399,1.0011844417842388,0.0,-0.0021360227543489123,0.9982957017187848,0.002460880311718451
nap_during_day (Sometimes),0.04464388966445254,1.0456554248944476,0.017723722039402135,0.009906032795225561,0.07938174653367952,1.009955259952434,1.0826175286840762,0.0,2.518877782285424,0.011772951342176492,6.408380157165911
nap_during_day (Usually),0.1130793705105854,1.1197208022335254,0.03413611820444889,0.04617380825786349,0.17998493276330732,1.0472564169527734,1.1971993245003238,0.0,3.3126019142928795,0.0009243244233539108,10.079313075726098
trouble_falling_a_sleep (Never/rarely),-0.05147112326244213,0.9498310775889393,0.023691260258807453,-0.09790514011806982,-0.005037106406814443,0.9067349124412056,0.9949755585398445,0.0,-2.1725785247455227,0.029812053648720624,5.067960428777259
trouble_falling_a_sleep (Sometimes),-3.249897752880248e-06,0.999996750107528,0.0011991365396224404,-0.0023535143279588507,0.0023470145324530904,0.9976492530154671,1.002349770927072,0.0,-0.0027101982514047226,0.9978375773057183,0.003123094440795656
trouble_falling_a_sleep (Usually),-0.006935590433104051,0.9930884052673925,0.01857464392353469,-0.04334122354888781,0.029470042682679706,0.9575845839031424,1.0299085817115528,0.0,-0.3733902228034868,0.70885803526807,0.4964313705571958
snoring (Yes),-0.07565198508428934,0.9271388085552845,0.030218349866371716,-0.13487886249460868,-0.016425107673970027,0.8738217578648385,0.9837090488908061,0.0,-2.5035114564107332,0.012296769923107582,6.345576787047605
snoring (No),-0.022820298835480896,0.9774381147597258,0.02844034301628689,-0.07856234685536845,0.03292174918440666,0.9244444219321275,1.0334696662328835,0.0,-0.8023918284815492,0.42232633845148104,1.243569871029168
falling_asleep_during_daytime (Never/rarely),0.05612607623637884,1.0577310300779055,0.08930463584527094,-0.11890779367281695,0.2311599461455746,0.8878896660326927,1.2600607651947513,0.0,0.628478865684227,0.5296902872639688,0.9167790401780143
falling_asleep_during_daytime (Sometimes),-0.006779450086822948,0.993243478541161,0.08966401394588319,-0.18251768813005115,0.16895878795640523,0.8331699065803305,1.1840713399187428,0.0,-0.07560948688862727,0.9397297886268581,0.0896821132558016
falling_asleep_during_daytime (Often),-0.0654743841339977,0.9366230388625955,0.09599723468392216,-0.25362550672992445,0.12267673846192906,0.7759823478063155,1.1305189085914196,0.0,-0.6820444812767456,0.49521082470979094,1.0138852444215105
falling_asleep_during_daytime (All of the time),-0.13163580249911547,0.8766602144056158,0.45177836935760635,-1.017105135434258,0.753833530436027,0.36164032608323693,2.125131176175333,0.0,-0.2913725211906257,0.7707664281662561,0.3756343605303823
falls_in_the_last_year (No falls),-0.008484978905190777,0.9915509169314353,0.02195987944332895,-0.05152555171895701,0.03455559390857546,0.9497793811563275,1.0351595753432619,0.0,-0.38638549574407494,0.6992111904033069,0.516199820503419
falls_in_the_last_year (Only one fall),-1.8602152553076925e-06,0.9999981397864749,0.0008797577903029828,-0.001726153799367695,0.0017224333688570796,0.9982753351472616,1.0017239176092583,0.0,-0.002114462953112409,0.9983129039124767,0.00243602063770683
falls_in_the_last_year (More than one fall),0.032550194351021716,1.0330857469111947,0.030841818428581528,-0.0278986589867218,0.09299904768876524,0.972486914617022,1.0974606901434394,0.0,1.055391543348722,0.29124628893872845,1.7796884278287797
weight_changes_in_the_last_year (No - weigh about the same),1.7971105093769326e-06,1.0000017971121242,0.0006962653833743513,-0.001362857964586325,0.001366452185605079,0.998638070304582,1.0013673862067762,0.0,0.0025810711724134437,0.9979406054477881,0.0029741418256678588
weight_changes_in_the_last_year (Yes - gained weight),-0.008272373904094668,0.9917617480262947,0.018919310649165893,-0.045353541388784925,0.02880879358059559,0.9556595568944436,1.0292277807010024,0.0,-0.43724499573452363,0.6619336809683976,0.5952414140041717
weight_changes_in_the_last_year (Yes - lost weight),0.08653004995657622,1.0903841332213307,0.022477712862900488,0.04247454229045855,0.1305855576226939,1.0433894937288977,1.1394954282429766,0.0,3.849593171883348,0.00011831417270598542,13.045089476895091
wheeze_whistling_in_the_last_year (No),-0.04102801746687166,0.9598022383436672,0.04904504197898469,-0.13715453336593672,0.055098498432193395,0.8718354880491015,1.0566446873950042,0.0,-0.8365375135054784,0.4028525819212563,1.3116760929575901
wheeze_whistling_in_the_last_year (Yes),-0.019643651405349318,0.9805480279687911,0.049845400303062046,-0.11733884079433282,0.07805153798363418,0.8892838164721752,1.0811783789878162,0.0,-0.3940915568119651,0.6935134443519638,0.5280042441886645
shortness_of_breath_same_age_group (No),2.2777964971995694e-06,1.0000022777990913,0.0013022171235514582,-0.002550020865715004,0.002554576458709403,0.9974532276756233,1.0025578421693948,0.0,0.0017491679812867706,0.9986043665851579,0.0020148797505206706
shortness_of_breath_same_age_group (Yes),-0.027364088180476955,0.9730069167076164,0.03726200127663024,-0.10039626867455775,0.04566809231360384,0.9044789303450362,1.04672693657961,0.0,-0.7343697934345518,0.46272339152475717,1.11177806323341
leg_pain_on_walking (No),0.051272884994969035,1.0526100955954618,0.10527432311059971,-0.15506099679863908,0.25760676678857714,0.8563629404926418,1.2938299416741368,0.0,0.48704074725897284,0.6262294551784062,0.6752367265570411
leg_pain_on_walking (Yes),0.07565291185477188,1.0785881440225384,0.10602073115646257,-0.13214390282649835,0.2834497265360421,0.8762148962064146,1.327702130450801,0.0,0.7135671583242086,0.47549487148004443,1.072498314117418
chest_pain (No),-0.038036291337136985,0.9626780033852638,0.06290650406963909,-0.16133077370695192,0.08525819103267797,0.8510105326384206,1.0889981999736273,0.0,-0.6046479914863787,0.5454129117388457,0.8745792408367709
chest_pain (Yes),0.03894841358914136,1.0397168470062625,0.06372540376247365,-0.08595108268558026,0.163847909863863,0.9176391185635446,1.1780351339433293,0.0,0.6111913191529614,0.5410729296434968,0.8861050310684314
"people_living_together_retalated (Husband, wife or partner)",-0.07049467354651087,0.9319327034087801,0.03006920456049524,-0.12942923152884908,-0.011560115564172656,0.878596763165902,0.988506445839025,0.0,-2.3444143128124644,0.019056988876827816,5.713536007339565
people_living_together_retalated (Son and/or daughter (include step-children)),-0.05137275368694558,0.9499245166645409,0.02073399695747834,-0.09201064097916618,-0.01073486639472497,0.9120954439048355,0.9893225466593933,0.0,-2.4777062421829115,0.013222996267696609,6.240807068091113
people_living_together_retalated (Brother and/or sister),-0.1364700773591424,0.8724324253511898,0.10110304051449545,-0.3346283954950474,0.061688240776762604,0.7156039586046165,1.0636306963537934,0.0,-1.3498118025399668,0.17707635801344607,2.4975564884079158
people_living_together_retalated (Mother and/or father),-0.07505517810804474,0.9276922966105153,0.06006687585758553,-0.19278409145275086,0.042673735236661375,0.8246600060629931,1.0435973502572804,0.0,-1.2495269154000195,0.211472415374473,2.241458605527307
people_living_together_retalated (Grandparent),-0.9528338680895949,0.3856466018648301,0.657007652217146,-2.2405452040024185,0.33487746782322847,0.10640047859595578,1.3977691030380726,0.0,-1.4502629685881896,0.1469852014807988,2.766257183533056
people_living_together_retalated (Grandchild),0.0433876395863742,1.0443426449478848,0.07257667761131333,-0.0988600346493744,0.1856353138221228,0.905869489491553,1.2039831043088838,0.0,0.597817935656108,0.5499614217798587,0.8625976736299094
people_living_together_retalated (Other related),-0.0006667818499461603,0.9993334403996714,0.09791548807264347,-0.1925776120009886,0.19124404830109626,0.8248302989893253,1.2107548987042827,0.0,-0.006809768945352905,0.99456663248945,0.007860065063314986
people_living_together_retalated (Other unrelated),-0.05218415140107492,0.9491540626976878,0.059127313737783516,-0.16807155682973096,0.06370325402758113,0.8452933460084626,1.0657760870703779,0.0,-0.8825726741536073,0.3774671980434616,1.4055768154196253
experiences_interfering_with_usual_activities (None of the above),-3.990313166662335e-06,0.9999960096947946,0.0016114918721471798,-0.0031624563439541604,0.0031544757176208355,0.9968425389539183,1.003159456311825,0.0,-0.0024761609013550733,0.9980243114656925,0.0028531354332500935
experiences_interfering_with_usual_activities (Headache),0.024477868021071398,1.024779910448831,0.01928855079471483,-0.013326996850541107,0.062282732892683906,0.9867614143841082,1.064263204408925,0.0,1.2690361386703282,0.2044281751272269,2.29033404677693
experiences_interfering_with_usual_activities (Facial pain),0.03127516249272825,1.0317693690617187,0.04428626246325942,-0.055524316945148304,0.1180746419306048,0.9459890198276381,1.1253281048948969,0.0,0.7062046050662916,0.48006090699879855,1.0587106376979734
experiences_interfering_with_usual_activities (Neck or shoulder pain),0.008840351165739137,1.0088795424732833,0.018641651158385432,-0.02769661371705569,0.04537731604853397,0.9726834208488414,1.0464226174769737,0.0,0.47422575879296774,0.635338926558312,0.6544016806090516
experiences_interfering_with_usual_activities (Back pain),0.01942296338095263,1.0196128163109568,0.01843642463284275,-0.01671176490310625,0.05555769166501151,0.9834271019935635,1.0571300029032198,0.0,1.05351030732675,0.292107172781081,1.7754303104667852
experiences_interfering_with_usual_activities (Stomach or abdominal pain),0.04229038733265107,1.0431973660718765,0.023654423744843486,-0.004071431282291232,0.08865220594759338,0.9959368457571095,1.092700555477498,0.0,1.7878426373362872,0.07380139973293603,3.76020801077069
experiences_interfering_with_usual_activities (Hip pain),-0.019496854626952855,0.9806919798259359,0.02315908280545283,-0.06488782284062124,0.02589411358671553,0.9371725868397068,1.0262322786650309,0.0,-0.8418664413757483,0.39986271647284655,1.322423325535537
experiences_interfering_with_usual_activities (Knee pain),-0.02456226897266317,0.9757369288905432,0.01938504230489342,-0.06255625372903958,0.01343171578371325,0.9393602188119341,1.0135223265095048,0.0,-1.2670732715637585,0.20512909170139426,2.2853959834838493
experiences_interfering_with_usual_activities (Pain all over the body),0.07473109595162024,1.0775943424398526,0.04555463195478157,-0.014554342008729126,0.1640165339119696,0.9855510604528332,1.1782337957455344,0.0,1.6404719508172034,0.10090707587016531,3.308900751316513
usual_walking_pace (None of the above),-0.08224852240958232,0.9210430304173749,0.12403907665291497,-0.3253606453248987,0.16086360050573412,0.722266824512,1.1745247533051093,0.0,-0.6630855745542946,0.5072757489498836,0.9791579028906634
usual_walking_pace (Slow pace),0.007150711234165481,1.0071763386179993,0.03184654690126664,-0.055267373724282795,0.06956879619261376,0.9462321165229826,1.0720458113380054,0.0,0.22453647035374732,0.8223398920380289,0.28219327858980214
usual_walking_pace (Steady average pace),0.005883570214286387,1.005900912408176,0.0188551003275153,-0.03107174735253298,0.04283888778110575,0.969406018265529,1.0437697172480827,0.0,0.31204131041936045,0.7550091284494931,0.4054340074175916
usual_walking_pace (Brisk pace),-1.016046481185954e-06,0.999998983954035,0.0005814093818714196,-0.0011405574952228635,0.0011385254022604915,0.9988600926932611,1.0011391737683433,0.0,-0.0017475577671545997,0.99860565134819,0.0020130236400080605
climb_staires_tymes_a_day (None),0.02237045040049761,1.0226225452415096,0.027757656465360638,-0.03203355656684462,0.07677445736783983,0.9684740828686206,1.0797985083283705,0.0,0.8059199964670708,0.42028898049261143,1.2505464637533443
climb_staires_tymes_a_day (1-5 times a day),-0.007084484557852459,0.9929405512460632,0.022014892380693152,-0.05023288074753628,0.03606391163183136,0.9510079272734787,1.036722102974978,0.0,-0.3218041876082703,0.7476010416716447,0.419659515620411
climb_staires_tymes_a_day (6-10 times a day),2.049666427790512e-06,1.0000020496685285,0.0007658108984861402,-0.0014989121135733036,0.0015030114464288848,0.9985022106941221,1.0015041415342405,0.0,0.0026764654718838625,0.9978644920720692,0.003084181017254905
climb_staires_tymes_a_day (11-15 times a day),0.016061338249381954,1.016191014872375,0.02344300321893794,-0.02988610374919297,0.06200878024795688,0.9705560699511131,1.063971686622249,0.0,0.6851228957050663,0.4932663735137137,1.0195611542376108
climb_staires_tymes_a_day (16-20 times a day),0.03314246953427116,1.0336977991950562,0.03095557583199275,-0.02752934421713315,0.09381428328567548,0.9728461347263846,1.0983557439545462,0.0,1.0706461967998102,0.28432854324587187,1.8143691589663746
climb_staires_tymes_a_day (More than 20 times a day),0.013541702770416601,1.0136338069067383,0.03392934430750305,-0.05295859009134848,0.08004199563218167,0.948419285625125,1.0833325619554737,0.0,0.3991147794572034,0.6898086327276546,0.5357319111227434
transport_forms_used (None of the above),0.04637048520828909,1.047462408407395,0.12434059098061091,-0.19733259493013416,0.29007356534671236,0.820917554886112,1.336525806393353,0.0,0.3729311952162097,0.7091996537258195,0.49573626306159685
transport_forms_used (Car/motor vehicle),-0.003318987646305128,0.996686514104762,0.021989489187844713,-0.04641759449291369,0.03977961920030343,0.954643225187785,1.0405814247546734,0.0,-0.15093518625888722,0.8800268438154363,0.18438056335476488
transport_forms_used (Walk),-0.03189911746749508,0.9686042924044951,0.017621998683926873,-0.06643760022360398,0.002639365288613818,0.9357213028347104,1.002642851479613,0.0,-1.8101872573960893,0.07026675300138165,3.831013956034881
transport_forms_used (Public transport),-0.03217856552123207,0.9683336556363616,0.019587813371259106,-0.07056997426479202,0.006212843222327874,0.9318625308488789,1.0062321829636292,0.0,-1.6427849761141373,0.10042742973281017,3.315774728638946
transport_forms_used (Cycle),-0.011980621525915693,0.9880908603695359,0.038338373331914505,-0.087122452482319,0.0631612094304876,0.9165648531196345,1.0651985454414703,0.0,-0.3124968663170305,0.7546629442249921,0.40609565875461445
transportaion_to_work (None of the above),-0.006185281936072684,0.9938338075420287,0.1817484253689784,-0.3624056499061362,0.3500350860339908,0.6959999782441408,1.41911733891897,0.0,-0.03403210742274972,0.9728515475023334,0.0397084214556392
transportaion_to_work (Car/motor vehicle),0.0055889790401395,1.0056046265210605,0.037202161583819435,-0.06732591781118617,0.07850387589146517,0.9348904542276779,1.0816675475801678,0.0,0.15023264246479562,0.8805810731759588,0.18347225893487
transportaion_to_work (Walk),-0.002438107096404851,0.9975648626726733,0.034714963067613146,-0.07047818443356473,0.06560197024075502,0.9319480702790774,1.0678016157500603,0.0,-0.07023216736991,0.9440088716714652,0.08312767697791017
transportaion_to_work (Public transport),-0.10999142442778569,0.8958418176197877,0.03379985811983037,-0.1762379290252169,-0.04374491983035446,0.8384184755130615,0.9571980885860409,0.0,-3.2541978146131254,0.0011371306767766207,9.780386229284504
transportaion_to_work (Cycle),-2.2067152562761237e-06,0.9999977932871785,0.0014670682569684775,-0.0028776076617764456,0.002873194231263893,0.9971265286826079,1.002877325809804,0.0,-0.0015041667255728365,0.9987998490453525,0.0017324916644268396
activities_type (None of the above),-0.01535368596752808,0.9847635809419972,0.033618961677313236,-0.0812456400526943,0.050538268117638147,0.9219671915575083,1.0518371144112628,0.0,-0.4566972090006296,0.6478886972114118,0.626182105501635
activities_type (Walking for pleasure (not as a means of transport)),0.012165161083522186,1.0122394576264164,0.020314236872666085,-0.027650011560318922,0.0519803337273633,0.9727287510503092,1.0533550267425253,0.0,0.598849031828071,0.5492735620748685,0.8644032419193521
"activities_type (Other exercises (eg: swimming, cycling, keep fit, bowling))",-0.030905144212997216,0.9695675378061145,0.020984537439322038,-0.07203408182630078,0.010223793400306349,0.9304991821592798,1.0102762349408434,0.0,-1.4727579439080403,0.14081631618302762,2.828113588237745
activities_type (Strenuous sports),-0.04235199492717146,0.9585323226691244,0.03568653288124301,-0.11229631410751217,0.027592324253169244,0.8937793788197026,1.0279765178905609,0.0,-1.1867780786693305,0.2353151677711604,2.0873337791573774
"activities_type (Light DIY (eg: pruning, watering the lawn))",-0.017177863010133555,0.982968835289843,0.017559118460735334,-0.0515931027934472,0.017237376773180088,0.9497152247055448,1.0173867976588933,0.0,-0.9782873239647925,0.3279322375152583,1.6085303614476962
"activities_type (Heavy DIY (eg: weeding, lawn mowing, carpentry, digging))",-0.024673779879943774,0.9756281296465994,0.018473319549507376,-0.06088082087187792,0.011533261111990375,0.9409353729512776,1.0116000255917783,0.0,-1.3356440792256932,0.181665635366309,2.4606425557527243
visit_friends_family_times (Almost daily),0.012481774504090229,1.01255999696438,0.03165284787603127,-0.04955666734105621,0.07452021634923667,0.9516512290637041,1.0773671237321254,0.0,0.39433338045837885,0.6933349216746799,0.5283756673217705
visit_friends_family_times (2-4 times a week),0.02185231312191666,1.022092823625012,0.026858102330579888,-0.03078860013911121,0.07449322638294453,0.9696805417417196,1.0773380460221766,0.0,0.8136208899999693,0.41586216676399157,1.2658226537229946
visit_friends_family_times (About once a week),-0.005706619879799443,0.9943096319463995,0.026245118417926833,-0.05714610674892488,0.04573286698932599,0.9444560678797143,1.046794740173451,0.0,-0.21743547843554453,0.8278689847172214,0.2725256243298497
visit_friends_family_times (About once a month),2.1693446162206108e-06,1.0000021693469692,0.0009386293282590654,-0.0018375103336045716,0.0018418490228370127,0.9981641768549414,1.0018435462686117,0.0,0.0023111835001408173,0.9981559440097476,0.002662866424945571
visit_friends_family_times (Once every few months),0.021745679588740414,1.0219838400667491,0.03799455448545815,-0.052722278811402325,0.09621363798888316,0.9486434342838219,1.1009942530684216,0.0,0.5723367436000137,0.567093861422451,0.81834055513125
visit_friends_family_times (Never or almost never),0.02873489177476509,1.0291517217198805,0.06045417619220564,-0.08975311627699675,0.14722289982652692,0.9141568478598806,1.1586121887054313,0.0,0.47531690256445647,0.6345611133078386,0.6561689810646697
visit_friends_family_times (No friends/family outside household),0.2467225615179492,1.279823991092956,0.10822878064105955,0.03459804937078664,0.45884707366511174,1.0352035244544284,1.5822487167828496,0.0,2.2796391131505387,0.02262910118425155,5.465676907104301
attend_activities_once_a_week (None of the above),1.7625562299495114e-06,1.0000017625577833,0.0007168602098271829,-0.001403257636981155,0.001406782749441054,0.9985977264686451,1.001407772732469,0.0,0.0024587167843705816,0.9980382298149417,0.0028330158898747793
attend_activities_once_a_week (Sports club or gym),0.029852919546787048,1.0303029853788375,0.02301086098587078,-0.01524753923877752,0.07495337833235162,0.9848681159226319,1.0778338992994012,0.0,1.2973403978720075,0.19451409028043395,2.362053429437199
attend_activities_once_a_week (Pub or social club),0.0034545148215907036,1.0034604885346965,0.020254693211019022,-0.03624395438991452,0.04315298403309593,0.9644049939511833,1.0440976128969126,0.0,0.17055379637699808,0.8645746306416082,0.20993759127501305
attend_activities_once_a_week (Religious group),-0.03882929967505865,0.961914894317763,0.02256116941188251,-0.08304837917145508,0.00538977982133778,0.9203066224712184,1.0054043308150706,0.0,-1.7210676878569977,0.08523854186725745,3.5523502758994097
attend_activities_once_a_week (Adult education class),-0.009898616033025638,0.9901502140172047,0.030058551807496413,-0.06881229500314995,0.049015062937098675,0.9335018866028018,1.050236170262255,0.0,-0.3293111423470836,0.7419205230176336,0.43066344603257906
attend_activities_once_a_week (Other group activity),0.011313648358290669,1.0113778897173435,0.01986485005732115,-0.027620742312347214,0.050248039028928555,0.972757222506,1.0515318849794486,0.0,0.5695310221645014,0.5689958241721489,0.8135100301731482
drive_faster_often (Never/rarely),-0.1163491848727249,0.890164337101498,0.03804638953295262,-0.1909187380990937,-0.04177963164635608,0.8261997239834634,0.959081108411517,0.0,-3.0580874112102783,0.0022275458910251027,8.810329130772422
drive_faster_often (Sometimes),-0.2144656530599347,0.806972528292972,0.040603847181722254,-0.2940477311698785,-0.13488357494999093,0.7452409193734241,0.873817640028495,0.0,-5.281904744151338,1.2784767018686387e-07,22.899070794132435
drive_faster_often (Often),-0.2949230675364161,0.7445888683184995,0.05023443918857218,-0.3933807591295851,-0.19646537594324714,0.6747717731535428,0.8216297789588607,0.0,-5.87093381154951,4.333472670918928e-09,27.78182924770204
drive_faster_often (Most of the time),-0.22838323320626672,0.7958192170377684,0.062104265632577406,-0.3501053571324271,-0.10666110928010636,0.7046138497132508,0.8988302266047501,0.0,-3.6774162109480937,0.0002356084318026058,12.051321209217516
drive_faster_often (Do not drive on the motorway),-0.016934581130103307,0.9832080028874953,0.043239517522241984,-0.10168247818258619,0.06781331592237957,0.9033163287798865,1.0701655069689047,0.0,-0.39164593178895496,0.6953198449308466,0.5242513292107305
right_or_left_handed (Right-handed),0.005325528473950839,1.0053397343073756,0.02736988444672334,-0.04831845930264989,0.05896951625055157,0.9528303010828739,1.0607429048263617,0.0,0.19457621329447736,0.8457247261660901,0.24173993605718141
right_or_left_handed (Left-handed),-6.3342445530810335e-06,0.9999936657755082,0.002472666445621509,-0.004852671423751907,0.004840002934645745,0.995159083763847,1.0048517346684216,0.0,-0.002561706033701974,0.9979560565419018,0.0029518047805901938
right_or_left_handed (Use both right and left hands equally),0.022109774487873258,1.0223560069178284,0.062021706131702,-0.0994505357899897,0.14367008476573623,0.9053347304282169,1.1545031575079296,0.0,0.3564844611162992,0.7214777870099256,0.47097311744593595
skin_colour_without_tanning (Very fair),-0.018736458778940868,0.9814379775264065,0.030120977375538784,-0.07777248961414268,0.040299572056260946,0.9251748894974726,1.0411226187238132,0.0,-0.6220401996037728,0.5339154350622033,0.905316838138511
skin_colour_without_tanning (Fair),1.3764041136684297e-07,1.0000001376404208,0.0005434396780131124,-0.001064984556264377,0.0010652598370871106,0.9989355823385256,1.0010658274278734,0.0,0.00025327633762421356,0.9997979147227536,0.00029157689001079286
skin_colour_without_tanning (Light olive),0.04758010035458203,1.048730201418008,0.02282697300436802,0.0028400553899526337,0.09232014531921143,1.0028440921679147,1.0967158743376242,0.0,2.084380629244071,0.03712555840098746,4.7514434642983066
skin_colour_without_tanning (Dark olive),0.001703697773030167,1.0017051498906204,0.06076577698489948,-0.11739503660996572,0.12080243215602607,0.889233843846919,1.1284019544021398,0.0,0.028037126447894217,0.9776325401535177,0.03263578933708375
skin_colour_without_tanning (Brown),-0.14113381848652332,0.8683730995482553,0.057417104046662205,-0.2536692745145702,-0.028598362458476398,0.7759483855212602,0.9718067001485929,0.0,-2.4580448775651504,0.013969571616820444,6.161568409239566
skin_colour_without_tanning (Black),-0.2674412354224376,0.7653353039072224,0.11492539886672835,-0.49269087811012546,-0.04219159273474968,0.6109801072027939,0.9586860856868205,0.0,-2.3270855534081907,0.01996071225323639,5.646692988845111
skin_exposure_to_sun (Get very tanned),0.11740932652641417,1.1245796557769137,0.05147470673464976,0.016520755211739277,0.21829789784108905,1.0166579775186697,1.2439575847070923,0.0,2.280912975991393,0.022553596954213207,5.470498650122183
skin_exposure_to_sun (Get moderately tanned),0.10560483831673322,1.1113826138979095,0.04976146884828832,0.008074151556276277,0.20313552507719015,1.0081068354235672,1.2252385075393117,0.0,2.122221083117521,0.03381917689102192,4.886014642672944
skin_exposure_to_sun (Get mildly or occasionally tanned),0.13486465268135617,1.144381884849316,0.05073041618176171,0.03543486404437525,0.2342944413183371,1.0360701605101543,1.264016616139615,0.0,2.6584574468727085,0.00784992630717295,6.99310517419606
"skin_exposure_to_sun (Never tan, only burn)",0.08735234715509128,1.0912811217844318,0.05164173250101268,-0.013863588646145134,0.18856828295632772,0.9862320683390048,1.2075195331751603,0.0,1.6915069058416723,0.09074002996257911,3.462117053704569
natural_hair_color (Blonde),-7.5313111997773525e-06,0.9999924687171605,0.003582594538571589,-0.007029287578009986,0.0070142249556104305,0.9929953600782822,1.0070388822483602,0.0,-0.002102194685637005,0.9983226925519276,0.0024218748199943026
natural_hair_color (Red),-0.06572417636956437,0.9363891069182427,0.04466379656418569,-0.15326360904819214,0.02181525630906339,0.8579035408651835,1.0220549488242925,0.0,-1.4715313391487694,0.1411474786431257,2.824724737134457
natural_hair_color (Light brown),-0.04539150107883739,0.9556232810423826,0.026528016842295245,-0.09738545867100803,0.006602456513333264,0.907206248214225,1.0066243007781452,0.0,-1.7110778143983583,0.08706674907151124,3.5217343332761923
natural_hair_color (Dark brown),-0.04669209967145006,0.9543812066431854,0.02754955968893868,-0.10068824445170638,0.007304045108806251,0.9042148829560309,1.0073307847090522,0.0,-1.6948401425884578,0.09010575007064021,3.4722370156593154
natural_hair_color (Black),-0.09068718860460924,0.9133033579179207,0.04274144000370426,-0.17445887165924912,-0.006915505549969378,0.8399113976810125,0.9931083515322632,0.0,-2.1217625937907023,0.0338576793076836,4.884373099176601
natural_hair_color (Other),0.08513127568792667,1.0888599981617948,0.06708518825050112,-0.04635327717914514,0.21661582855499847,0.9547046272502231,1.2418669206744715,0.0,1.2690025608937714,0.20444015068868998,2.2902495350549468
age_appearance (Younger than you are),0.14618132537900946,1.1574060361129976,0.03132687645985882,0.08478177576955054,0.2075808749884684,1.088479508175797,1.2306972454408842,0.0,4.6663230394616955,3.0663749060737806e-06,18.315034472435958
age_appearance (Older than you are),0.11501495465455505,1.1218902149271013,0.05881265783351268,-0.00025573653420728204,0.2302856458433174,0.9997442961635928,1.2589595751424227,0.0,1.9556156598149375,0.050510446745863316,4.307274387855316
age_appearance (About your age),0.12473118830901034,1.1328438904518447,0.034268323951999996,0.05756650755253906,0.19189586906548162,1.0592557168173438,1.2115443511506365,0.0,3.6398391845402953,0.0002728083668689908,11.839824487917216
adopted_as_a_child (No),-0.017580336934936238,0.9825732955672968,0.12658860249125126,-0.26568943867104605,0.2305287648011736,0.7666771908197351,1.2592656892918832,0.0,-0.13887772349924823,0.8895467744360411,0.16885762714340902
adopted_as_a_child (Yes),0.10131809350676177,1.1066285971542453,0.13893523055591012,-0.1709899545665909,0.3736261415801144,0.8428300400221371,1.4529938349224096,0.0,0.7292469527085823,0.4658506148882112,1.102060697328397
multiple_birth (No),0.027867273854340204,1.0282591984838452,0.1632614855264985,-0.2921193578401042,0.34785390554878454,0.746679408612976,1.4160253611797073,0.0,0.17069104672465538,0.8644667031902592,0.21011769847776474
multiple_birth (Yes),0.03952720296538587,1.040318798256302,0.1705898069590216,-0.29482267480393676,0.3738770807347085,0.7446636233819334,1.453358493718647,0.0,0.23170905501335692,0.8167639978884264,0.29200881977417514
mother_smoking_while_pregnant (No),-0.008092504425111825,0.9919401517393978,0.02456047139409678,-0.05623014380086777,0.040045134950644115,0.9453215509586652,1.0408577521954783,0.0,-0.3294930416953192,0.7417830525271459,0.43093078783687416
mother_smoking_while_pregnant (Yes),0.002285447584494733,1.002288061210548,0.026686700251104176,-0.050019523773885466,0.05459041894287493,0.9512108530938095,1.0561079642623952,0.0,0.08563994660224698,0.9317526422961971,0.10198108968320765
father_still_alive (No),-0.03810894149947811,0.9626080672125035,0.06140103563319077,-0.15845275995399252,0.08223487695503631,0.8534632804832809,1.0857107883281027,0.0,-0.6206563310615896,0.5348257675578845,0.9028591196721881
father_still_alive (Yes),0.022192211588389837,1.0224402904567318,0.06336518882898393,-0.10200127638999841,0.14638569956677808,0.9030283990517244,1.157642604204929,0.0,0.35022718307183326,0.7261682079191081,0.461624325423236
mother_still_alive (No),0.018442655340477742,1.0186137714348256,0.019639179204738184,-0.02004942858673708,0.05693473926769256,0.9801502246689958,1.058586723996391,0.0,0.9390746501273451,0.34769241846133603,1.5241164858818832
mother_still_alive (Yes),-3.213715464560194e-06,0.9999967862896995,0.0011693221135149492,-0.0022950429442801174,0.002288615513350997,0.9977075886531833,1.002291236392849,0.0,-0.002748357725742359,0.9978071305636962,0.00316711566717603
family_member_non-accidental_death (No),0.026757572961759554,1.0271187712170915,0.0602338262339248,-0.09129855710777693,0.14481370303129604,0.9127451636596329,1.1558242236602116,0.0,0.44422834534607725,0.6568775007916897,0.6063037433323921
family_member_non-accidental_death (Yes),-0.021383284340675015,0.9788437171920638,0.06346549737037624,-0.14577337344753394,0.10300680476618392,0.8643535664587734,1.1084989521265272,0.0,-0.33692770444837133,0.7361714000064745,0.44188639225898657
mood_swings (No),2.0036173575439116e-06,1.0000020036193649,0.0007438427573559637,-0.0014559013972211114,0.0014599086319361993,0.9985451579130721,1.0014609748173242,0.0,0.0026936033694350894,0.9978508180574994,0.003103950803966472
mood_swings (Yes),0.1259038304850792,1.134173090162197,0.021853815759565402,0.08307113867155716,0.16873652229860123,1.0866191064384916,1.1838081907690816,0.0,5.761182938040061,8.352644820473871e-09,26.83511976236218
miserable_no_reason (No),-0.06998624145024922,0.9324066483809571,0.057549971383326175,-0.18278211267287928,0.04280962977238084,0.8329496251338787,1.0437391790713337,0.0,-1.2160951564004805,0.22394867544410868,2.158759961562102
miserable_no_reason (Yes),0.007999022712599826,1.0080311003676987,0.05709999380989045,-0.10391490867224548,0.11991295409744512,0.9013019871411372,1.127398711869694,0.0,0.14008797862976813,0.8885904785946741,0.17040941219107741
irritable_person (No),0.04193229406364738,1.0428238709938715,0.03655442661476471,-0.02971306557680386,0.11357765370409861,0.9707240277307931,1.120278879319375,0.0,1.1471194584874296,0.25133225281734484,1.9923322744689917
irritable_person (Yes),-0.032278359481415005,0.9682370266076642,0.03730207018171112,-0.10538907358635427,0.040832354623524254,0.8999742982313214,1.0416774584968074,0.0,-0.8653235416741242,0.3868612331283,1.3701119294966035
fed-up_often (No),1.4600106368210896e-06,1.0000014600117026,0.0006346487475174526,-0.0012424286773308401,0.0012453486986044823,0.9987583428176361,1.0012461244672957,0.0,0.0023005018800276444,0.998164466686863,0.002650548137817271
fed-up_often (Yes),-0.0022926229656125246,0.9977100030871857,0.0213322838993203,-0.044103131116263974,0.03951788518503893,0.9568552708321185,1.0403091048394097,0.0,-0.10747198829871064,0.9144145466914688,0.12907974046804832
nervous_person (No),-0.08756959349075302,0.9161551109999945,0.044767405967830576,-0.1753120968689844,0.00017290988747838132,0.8391950697405525,1.0001729248372544,0.0,-1.9561015787620057,0.05045318922284462,4.308910722612396
nervous_person (Yes),0.07761228864560622,1.080703576386554,0.044702207262062796,-0.010002427617481713,0.16522700490869416,0.9900474302898012,1.179660877128706,0.0,1.7362070778879204,0.08252722622975604,3.598986038092334
worrier (No),-0.2682584796580502,0.7647100935513707,0.05252114401248137,-0.3711980303493552,-0.16531892896674522,0.6899073054454669,0.8476233293424222,0.0,-5.107628264805124,3.262276443465915e-07,21.54761762381752
worrier (Yes),0.022627223355697362,1.0228851607693448,0.050786153817880875,-0.07691180904066051,0.12216625575205524,0.9259715123216549,1.1299419455127653,0.0,0.44553921993854023,0.6559301233104823,0.6083859631582867
tense_or_highly_strung (No),-0.07647647625523873,0.9263747058346451,0.038693222880514445,-0.15231379954682822,-0.0006391529636492477,0.8587187728958275,0.9993610512510959,0.0,-1.9764824577006634,0.04810016063750643,4.377814477680719
tense_or_highly_strung (Yes),0.08907437587618126,1.0931619581812921,0.03908419109669849,0.012470768961771198,0.16567798279059132,1.012548853253804,1.1801929980707995,0.0,2.279038490416795,0.022664777356799226,5.463404200526088
worry_long_after_embarrassment (No),0.07250164408420665,1.0751945737991198,0.04186478811926584,-0.009551832849954742,0.15455512101836805,0.9904936410040501,1.1671386101532213,0.0,1.7318048732902094,0.08330831018833625,3.5853957749820573
worry_long_after_embarrassment (Yes),0.01654755006899769,1.0166852190890232,0.0411497632546032,-0.06410450388237429,0.09719960402036967,0.9379069794884187,1.102080331332963,0.0,0.40212989723936277,0.6875884309220495,0.5403828240559739
suffer_nerves (No),-0.17671924498406905,0.8380150284211512,0.03677369949324802,-0.248794371569134,-0.10464411839900409,0.7797402936740019,0.9006449885393654,0.0,-4.805587890783637,1.542974354095684e-06,19.30585448636981
suffer_nerves (Yes),0.07860845552053551,1.0817806738863216,0.036489728051948646,0.007089902733055264,0.15012700830801576,1.007115095596561,1.1619818147008816,0.0,2.154262575172511,0.03121958604020742,5.001404781917561
feeling_lonley_often (No),-0.0031936760391926148,0.9968114183194423,0.0532499133259554,-0.10756158833794467,0.10117423625955944,0.8980212131136603,1.1064694120608225,0.0,-0.059975234506831274,0.9521753591750625,0.07070080022532713
feeling_lonley_often (Yes),-0.008912259040138992,0.9911273374218401,0.05392541150353875,-0.11460412343857687,0.09677960535829888,0.8917190847267399,1.1016175562575676,0.0,-0.1652701164747559,0.8687313789439144,0.2030179456668028
troubled_by_guilt (No),1.1505059794729559e-07,1.0000001150506046,0.000552905681112042,-0.0010835601712292431,0.0010837902724251376,0.9989170266681153,1.0010843777853302,0.0,0.0002080835879926173,0.9998339733189824,0.00023954575540302995
troubled_by_guilt (Yes),3.275293197000353e-06,1.0000032752985608,0.001173247857700289,-0.0022962482528343406,0.002302798839228341,0.9977063861084168,1.0023054523168928,0.0,0.002791646433022544,0.9977725913050115,0.003217055658727648
suffers_from_the_following (Mouth ulcers),0.008726007146905804,1.008764189726952,0.024358382419342555,-0.039015545116659237,0.05646755941047084,0.9617357587355991,1.058092289105821,0.0,0.35823426189321333,0.7201680090597848,0.47359458060754867
suffers_from_the_following (Painful gums),0.0744029632645852,1.077240806519252,0.03639128209662755,0.003077361003957932,0.14572856552521246,1.0030821009402502,1.156882127736593,0.0,2.044527122375836,0.04090150079894035,4.6117024088212855
suffers_from_the_following (Bleeding gums),-0.03265851798814181,0.9678690130216512,0.02259347454148014,-0.0769409143750655,0.01162387839878188,0.9259445620033403,1.011691698194914,0.0,-1.44548453263277,0.14832183449848152,2.753197101923103
suffers_from_the_following (Loose teeth),2.032751457759468e-06,1.0000020327535237,0.001333230079016114,-0.0026110501865193145,0.0026151156894348338,0.9973923556401125,1.002618538087141,0.0,0.0015246816657928848,0.9987834805100558,0.0017561350382477928
suffers_from_the_following (Toothache),-0.0056441256780049255,0.9943717724748757,0.033846536029114464,-0.07198211729650661,0.060693865940496756,0.9305475363680955,1.0625735744290847,0.0,-0.16675637569380522,0.8675617451176612,0.2049616556920884
suffers_from_the_following (Dentures),0.0007123419550552694,1.0007125957308405,0.02115875779852288,-0.04075806128765558,0.04218274519776612,0.9600613778653173,1.043085080123744,0.0,0.0336665300410499,0.9731430689922815,0.03927617297206988
risks_taker (No),-0.017384957189223987,0.9827652892431554,0.03953704795111068,-0.09487614722843406,0.06010623284998608,0.9094855698015075,1.0619493544597656,0.0,-0.4397130815310556,0.6601449268080815,0.5991453094547964
risks_taker (Yes),-0.002855126448231766,0.9971489455490083,0.041538033181967284,-0.08426817547351735,0.07855792257705381,0.9191847202415668,1.0817260097058512,0.0,-0.06873523442297333,0.945200371501493,0.08130789853872529
happiness_level (Extremely happy),5.835343641021e-06,1.0000058353606667,0.002402887379257343,-0.004703737378609209,0.004715408065891251,0.9953073078692863,1.0047265430976984,0.0,0.002428471551098879,0.9980623619475578,0.0027981325696686864
happiness_level (Very happy),-0.015731623220072447,0.9843914724210755,0.06788787918933784,-0.14878942141798085,0.11732617497783594,0.8617505620052519,1.1244861491247016,0.0,-0.23172948408356206,0.8167481296324529,0.2920368490171975
happiness_level (Moderately happy),0.02512247604112273,1.0254407047516665,0.06742029988566324,-0.10701888356166715,0.1572638356439126,0.8985087057855512,1.1703043411719203,0.0,0.3726248041573153,0.7094277092626194,0.4952724138459301
happiness_level (Moderately unhappy),-0.04304907133228948,0.9578643852322092,0.08514159269579513,-0.20992352660242647,0.12382538393784752,0.8106462364717779,1.1318182201025,0.0,-0.5056174070656718,0.61312525926197,0.7057462535071608
happiness_level (Very unhappy),-0.018610827171568162,0.9815612849025495,0.11876138522079668,-0.2513788649584171,0.21415721061528079,0.777727661976601,1.2388173947303047,0.0,-0.1567077306901365,0.875475194152625,0.1918617931902531
happiness_level (Extremely unhappy),0.11579088739424584,1.122761064091698,0.1735418925187513,-0.22434497175142773,0.4559267465399194,0.7990394407835026,1.5776347733276357,0.0,0.6672215320098263,0.5046306394163557,0.9867002904913642
work_satisfaction (Extremely happy),0.048949800851912015,1.050167631896348,0.06790287870853655,-0.08413739586341128,0.1820369975672353,0.9193049387217873,1.1996585775077009,0.0,0.7208796119237018,0.47098358780989014,1.086251307231517
work_satisfaction (Very happy),0.05350151045058592,1.054958585229201,0.03993038330742872,-0.024760602720853744,0.1317636236220256,0.975543426517848,1.140838620092363,0.0,1.3398696936784076,0.18028771253019232,2.4716270213330547
work_satisfaction (Moderately happy),0.04700058303505002,1.0481226201717018,0.034600657140540184,-0.02081545880182739,0.11481662487192743,0.9793996874853534,1.1216677327477929,0.0,1.3583725547218393,0.17434549839929947,2.5199789806772426
work_satisfaction (Moderately unhappy),0.06996306845409864,1.0724685726004999,0.06146037332901613,-0.05049704974715909,0.19042318665535635,0.9507567336409438,1.2097614442456592,0.0,1.138344345543835,0.2549767236146467,1.9715625429343495
work_satisfaction (Very unhappy),0.054780138106393025,1.0563083471895993,0.09952085482139125,-0.1402771530541732,0.2498374292669593,0.8691173234949715,1.2838166887014981,0.0,0.5504387819488308,0.5820184547521006,0.7808631957791928
work_satisfaction (Extremely unhappy),0.4391676289551603,1.5514153277223661,0.11114882977433291,0.2213199256736946,0.657015332236626,1.2477225451930072,1.929026231324193,0.0,3.9511673658355986,7.777091080689636e-05,13.650409839562476
health_satisfaction (Extremely happy),0.17077981741403173,1.1862295331790098,0.1416420406655415,-0.1068334809871874,0.4483931158152509,0.8986753070564714,1.5657941131097186,0.0,1.2057141835261542,0.22792771423534905,2.133351739134616
health_satisfaction (Very happy),0.007359421403394907,1.0073865684998702,0.12027557380461627,-0.22837637147354214,0.24309521428033196,0.7958246777552679,1.2751900346397949,0.0,0.061187996619746304,0.9512094891309347,0.07216498761092427
health_satisfaction (Moderately happy),0.0676158601210544,1.0699542174420336,0.11682069941907132,-0.1613485033891046,0.2965802236312134,0.8509954446259217,1.3452504765465854,0.0,0.5788003363898361,0.5627239041404521,0.8295008454559989
health_satisfaction (Moderately unhappy),0.09971709190954971,1.1048583005046988,0.1201717319892193,-0.13581517474912003,0.3352493585682194,0.8730039707564815,1.3982890171007487,0.0,0.8297882560142797,0.4066585118886461,1.2981102832012819
health_satisfaction (Very unhappy),0.08110376018037257,1.0844834169240443,0.12736106590049068,-0.16851934201722155,0.33072686237796667,0.8449149209019374,1.391979538398697,0.0,0.6368018327024704,0.5242539321822839,0.9316623175476485
health_satisfaction (Extremely unhappy),0.10863011870036324,1.114749948916487,0.13670742457322171,-0.15931150988237727,0.3765717472831037,0.8527306835560876,1.45728009156079,0.0,0.7946175494088105,0.42683600671754307,1.228246211785626
family_relationship_satisfaction (Extremely happy),0.08989573765275242,1.0940602084730724,0.10521394361441269,-0.11631980250292444,0.2961112778084293,0.8901904926234877,1.3446197748490318,0.0,0.85440897436752,0.3928784251562043,1.3478451502385695
family_relationship_satisfaction (Very happy),0.061824193720614574,1.0637753099082305,0.09997586601937508,-0.1341249030005624,0.25777329044179154,0.8744808325018537,1.2940454129026928,0.0,0.6183911796136199,0.5363175106475668,0.8988407370843149
family_relationship_satisfaction (Moderately happy),0.08548640328171331,1.0892467510621613,0.10018821868685397,-0.1108788970197433,0.2818517035831699,0.8950471352414937,1.3255821263305358,0.0,0.8532580417355026,0.3935162225572626,1.345504983371902
family_relationship_satisfaction (Moderately unhappy),0.1422158801073253,1.1528254937669928,0.10940777933356392,-0.07221942701496561,0.3566511872296162,0.9303267345944669,1.4285374908186745,0.0,1.2998699084617704,0.19364556014906312,2.368509670848024
family_relationship_satisfaction (Very unhappy),0.28945315747220024,1.3356968724237472,0.1215384707700566,0.05124213202681521,0.5276641829175852,1.052577725208459,1.6949685446262401,0.0,2.381576431217635,0.01723871300302302,5.858204119144954
family_relationship_satisfaction (Extremely unhappy),0.007563653421004922,1.0075923301021064,0.15280668838035322,-0.2919319524013226,0.3070592592433324,0.746819353507984,1.3594215239759966,0.0,0.049498182973366514,0.9605222852038295,0.05810900845092717
friendships_satisfaction (Extremely happy),0.03223100649766597,1.0327560511095524,0.049476474836448785,-0.06474110226377591,0.12920311525910785,0.9373100994299682,1.137921229859838,0.0,0.6514410455516474,0.5147618219806155,0.958023036825446
friendships_satisfaction (Very happy),-1.1284454285059371e-06,0.9999988715552082,0.0007369211198750554,-0.0014454672998305382,0.0014432104089735264,0.9985555768848546,1.0014442523382967,0.0,-0.0015312974456442021,0.998778201887617,0.0017637597764296824
friendships_satisfaction (Moderately happy),-0.00899144227339086,0.9910488598617931,0.03245929487875877,-0.07261049119932347,0.054627606652541745,0.9299629882575343,1.0561472392290152,0.0,-0.2770067035336256,0.7817749588159049,0.3551747207624585
friendships_satisfaction (Moderately unhappy),-0.054889599012215705,0.9465896466170128,0.07325240092218457,-0.19846166660078612,0.0886824685763547,0.8199912031880884,1.092733623969123,0.0,-0.7493215010184373,0.4536634515959814,1.1403056580885862
friendships_satisfaction (Very unhappy),0.21817030518481692,1.2437988749798827,0.12192155268014009,-0.020791547007460554,0.4571321573770944,0.9794231069692834,1.5795376180049017,0.0,1.789431814054931,0.07354529955440858,3.7652230512347207
friendships_satisfaction (Extremely unhappy),-0.1478387399813706,0.8625702018139819,0.19160313400900578,-0.5233739819640235,0.22769650200128233,0.592518026499448,1.2557041638936646,0.0,-0.7715883184584122,0.4403582951399926,1.1832502523332866
financial_situation_satisfaction (Extremely happy),0.2326628443281982,1.2619559319934084,0.12325736379962238,-0.00891714954841269,0.47424283820480906,0.9911224903172485,1.6067971313854434,0.0,1.8876182092165679,0.05907722373105013,4.081254159940764
financial_situation_satisfaction (Very happy),0.0879286925354556,1.0919102579000828,0.11304292819160122,-0.13363137542703032,0.3094887604979415,0.8749125194211553,1.3627282555017424,0.0,0.7778345266005632,0.43666657066725345,1.195396006129177
financial_situation_satisfaction (Moderately happy),0.1273259006912886,1.1357871112760693,0.11079472331276204,-0.0898277666788053,0.34447956806138247,0.9140886082309612,1.4112552662016034,0.0,1.1492054574824901,0.2504712710363624,1.997282958573723
financial_situation_satisfaction (Moderately unhappy),0.13293128910426089,1.1421715160066772,0.11579165966733462,-0.09401619355383414,0.35987877176235594,0.910268021647204,1.4331556650933335,0.0,1.148021277924229,0.2509597799848745,1.9944719253958452
financial_situation_satisfaction (Very unhappy),0.12359165921154831,1.1315537171104348,0.12222058272009596,-0.11595628108933824,0.36313959951243485,0.8905141547552207,1.4378365665152113,0.0,1.0112180490465532,0.31191207902964974,1.680788671643891
financial_situation_satisfaction (Extremely unhappy),-0.04149610538023091,0.9593530716496349,0.12925336067606596,-0.2948280371860859,0.2118358264256241,0.7446596302217187,1.235944958919765,0.0,-0.32104469209298325,0.7481765226687014,0.4185493991948973
depressed_hopeless_fortnight (Not at all),-0.038632388358905465,0.9621043248955305,0.03688688252469306,-0.11092934960926377,0.033664572891452846,0.8950019789349138,1.0342376371996818,0.0,-1.0473205029740291,0.2949517829355823,1.7614489648374845
depressed_hopeless_fortnight (Several days),0.05168365858500874,1.0530425688415546,0.037010688941906726,-0.020855958784143286,0.12422327595416077,0.9793600226185487,1.1322686511417113,0.0,1.3964522159026336,0.16257836046690993,2.620792850541204
depressed_hopeless_fortnight (More than half the days),0.10190076114633392,1.1072735817144,0.04583914887451071,0.012057680270323182,0.19174384202234468,1.0121306671529076,1.2113601776453333,0.0,2.2230072688587112,0.02621530983305939,5.253446592920006
depressed_hopeless_fortnight (Nearly every day),0.13722181517564805,1.14708256062279,0.05470680595133455,0.02999844580181084,0.24444518454948527,1.0304529324241907,1.2769126657628664,0.0,2.5083134134666216,0.012130901641700942,6.3651694055431784
little_interest_or_pleasure_fortnight (Not at all),6.148647765413543e-05,1.0000614883679864,0.022449373877759388,-0.043938477798228556,0.04406145075353683,0.9570128331985679,1.0450465718146535,0.0,0.002738894990521323,0.9978146807056152,0.003156199217733466
little_interest_or_pleasure_fortnight (Several days),-2.4047059864372417e-06,0.9999975952969049,0.0009420966158594017,-0.0018488801430279309,0.0018440707310550565,0.9981528279829949,1.0018457720751246,0.0,-0.0025525046433200645,0.9979633981652227,0.002941191402848652
little_interest_or_pleasure_fortnight (More than half the days),2.009891405777852e-06,1.0000020098934257,0.0016172922343284546,-0.0031678246403543065,0.0031718444231658626,0.9968371876220687,1.0031768800443497,0.0,0.001242750916078204,0.9990084284863731,0.001431245013615144
little_interest_or_pleasure_fortnight (Nearly every day),0.01636683072540385,1.0165015010047935,0.04699560844408488,-0.07574286925654897,0.10847653070735666,0.9270545501410352,1.114578749856525,0.0,0.3482629817396027,0.7276426920080725,0.45869790409497085
fidgety_or_restless_fortnight (Not at all),-0.11903062702071526,0.887780610270429,0.030355581565570593,-0.17852647361900162,-0.059534780422428914,0.8365019113513624,0.9422027628112385,0.0,-3.921210561016568,8.810523204228168e-05,13.470412779725553
fidgety_or_restless_fortnight (Several days),-0.015453252576699623,0.9846655362524768,0.029182082120741085,-0.07264908252724239,0.04174257737384314,0.9299271004433857,1.0426260486667096,0.0,-0.5295459218009761,0.5964267971746409,0.7455830162021908
fidgety_or_restless_fortnight (More than half the days),-1.390175641616228e-06,0.9999986098253246,0.0016242094164286016,-0.003184782135192494,0.0031820017839092616,0.9968202839039279,1.0031870697255598,0.0,-0.0008559091134153257,0.9993170834163373,0.0009855769403266598
fidgety_or_restless_fortnight (Nearly every day),0.02928898775964828,1.0297221285722005,0.0477335741748477,-0.06426709847642444,0.12284507399572099,0.9377544932808844,1.1307092311139315,0.0,0.6135930163612503,0.5394842995457325,0.8903471208962397
tired_or_little_energy_fortnight (Not at all),-0.060539674713490095,0.9412564241986372,0.029203108746730745,-0.11777671609368899,-0.0033026333332911995,0.8888945062957003,0.9967028143612798,0.0,-2.073055825615396,0.03816708444884645,4.7115272052606185
tired_or_little_energy_fortnight (Several days),-0.06779950569890278,0.934447806256846,0.025414349948334393,-0.11761071628813557,-0.017988295109669983,0.8890420748587404,0.9821725285127513,0.0,-2.667764701309869,0.007635771369335721,7.033010378523643
tired_or_little_energy_fortnight (More than half the days),2.0686586441131756e-06,1.0000020686607838,0.0011684097227838757,-0.002287972317198712,0.0022921096344869383,0.9977146430964186,1.0022947385259606,0.0,0.0017704907822782827,0.9985873534777989,0.0020394589888291397
tired_or_little_energy_fortnight (Nearly every day),-0.030390645505557336,0.9700665073996901,0.03275801159852929,-0.09459516844382011,0.03381387743270543,0.9097411518564203,1.0343920651037568,0.0,-0.9277316913497203,0.35354676507894334,1.5000270360474155
nerves_anxiety_tension_depression_doctor (No),-0.5051218072232598,0.6034320685656002,0.07986329503619767,-0.6616509891809037,-0.34859262526561596,0.5159987225505313,0.7056805481484505,0.0,-6.3248305369108015,2.5351064173758743e-10,31.877234639673397
nerves_anxiety_tension_depression_doctor (Yes),0.2677029649266591,1.3069588697291208,0.07936811591028531,0.11214431622169949,0.42326161363161874,1.118674291843306,1.526933710391266,0.0,3.372928308254921,0.0007437331460635668,10.392927309170602
nerves_anxiety_tension_depression_psychiatrist (No),-0.2744697106807687,0.7599750230263898,0.08096972558707832,-0.4331674566695335,-0.1157719646920039,0.6484518951179009,0.8906783062434412,0.0,-3.389781905406017,0.0006994824837078386,10.481424449370635
nerves_anxiety_tension_depression_psychiatrist (Yes),0.02476263488096683,1.0250717753607685,0.08164669898853488,-0.13526195459314438,0.18478722435507805,0.8734870677665313,1.2029624517831237,0.0,0.30329009240709276,0.7616687959508883,0.39276430230412185
depressed_whole_week (No),-0.027442865598792544,0.9729302687538186,0.038373806241927266,-0.1026541437826883,0.047768412585103226,0.9024390336649664,1.0489277087373903,0.0,-0.7151457800609947,0.4745189682413573,1.0754623367436404
depressed_whole_week (Yes),1.411913481159958e-06,1.000001411914478,0.0007663326160126323,-0.001500572414081962,0.0015033962410442821,0.9985005528817701,1.0015045269077154,0.0,0.0018424290597291815,0.9985299551305564,0.0021223868274571865
unenjoyment_uninterested_whole_week (No),-0.033689136296227204,0.9668720233431584,0.06297977381669619,-0.15712722473143043,0.08974895213897602,0.8545953262402326,1.093899628068996,0.0,-0.5349199315049951,0.5927052251856391,0.7546133187785294
unenjoyment_uninterested_whole_week (Yes),0.12186259370286841,1.1295988771171912,0.059342813716498376,0.005552816077262074,0.23817237132847474,1.0055682615358192,1.2689279007628738,0.0,2.0535358212883055,0.04002063929330043,4.643111976606341
hyper_least_two_days (No),-0.003754518216709984,0.9962525211742136,0.06499731101962515,-0.13114690690712366,0.12363787047370368,0.8770889145063692,1.1316060088441233,0.0,-0.05776420836204058,0.9539364481421139,0.06803493872390483
hyper_least_two_days (Yes),0.051692580424333515,1.0530519639600666,0.07405457845798195,-0.09345172624360686,0.19683688709227387,0.9107819832325792,1.2175454271332218,0.0,0.6980335517494508,0.4851562116662119,1.043478750658957
irritablilty_leading_to_argumens (No),-0.06654479619068325,0.9356210026607196,0.07105773067191912,-0.20581538913079184,0.07272579674942535,0.81398333258357,1.0754356085417462,0.0,-0.9364891836741515,0.34902137900391483,1.5186126847038235
irritablilty_leading_to_argumens (Yes),-0.06815350706422106,0.9341170690017863,0.07276015237399022,-0.2107607852268884,0.0744537710984463,0.8099677999719418,1.0772955401816158,0.0,-0.9366872503772283,0.3489194563978498,1.519034047753272
occuerd_in_past_two_years (None of the above),-0.0035216942953715954,0.9964844995968518,0.026727483507290647,-0.05590659936704955,0.048863210776306364,0.9456274539685859,1.0500767017385848,0.0,-0.13176303314941556,0.8951717268274567,0.15976362404441605
"occuerd_in_past_two_years (Serious illness, injury or assault to yourself)",0.028196535504042757,1.0285978205484303,0.027118261075687978,-0.024954279527660102,0.08134735053574561,0.9753545046775791,1.0847476188021772,0.0,1.0397619310967352,0.2984505197408324,1.7444363286959987
"occuerd_in_past_two_years (Serious illness, injury or assault of a close relative)",0.008695185044848832,1.0087330979733038,0.02644953946198746,-0.043144959708317505,0.060535329798015174,0.957772541575294,1.0624051314659935,0.0,0.32874617939360756,0.7423475464402327,0.4298333202570517
occuerd_in_past_two_years (Death of a close relative),-0.015733628696720684,0.9843894982489444,0.02384776688972002,-0.0624743929122787,0.031007135518837336,0.9394371187541818,1.0314928640970256,0.0,-0.6597527042879193,0.5094125387782651,0.9730936240648324
occuerd_in_past_two_years (Death of a spouse or partner),-0.040364070982726125,0.9604397072644972,0.05735091095742812,-0.15276979093984877,0.07204164897439654,0.858327293788697,1.0747001032888053,0.0,-0.703808715657343,0.4815519052369629,1.0542367840625078
occuerd_in_past_two_years (Marital separation/divorce),0.010914157478253987,1.0109739341677821,0.041061159041891025,-0.06956423540732362,0.09139255036383159,0.9328002126584487,1.0956990379041867,0.0,0.26580246960684306,0.7903913411457614,0.3393609528161077
occuerd_in_past_two_years (Financial difficulties),0.0819684477325663,1.0854215617778544,0.026214581921674734,0.03058881129630902,0.13334808416882357,1.0310614558871518,1.142647666679165,0.0,3.126826434900843,0.001767042135123264,9.144447843296254
overall_health (Excellent),-0.2032664450455845,0.8160607771047956,0.03211118177983129,-0.26620320483507265,-0.14032968525609638,0.766283399187431,0.8690716680474398,0.0,-6.330082973565741,2.4502939927694116e-10,31.926326090884704
overall_health (Good),-1.613879718980501e-06,0.9999983861215833,0.0006612435108721273,-0.0012976273460391697,0.0012943995866012087,0.9987032142082781,1.001295237683318,0.0,-0.0024406738099432123,0.9980526259824722,0.0028122059358147004
overall_health (Fair),0.06817297006986198,1.070550465653823,0.021038530470666256,0.026938208059707605,0.10940773208001635,1.0273043216748927,1.115617130514041,0.0,3.2403864977601287,0.0011936778340263445,9.710370769640978
overall_health (Poor),0.09254349678650518,1.0969608547947158,0.03627590796522352,0.02144402366817741,0.16364296990483296,1.0216755990843693,1.1777937322085188,0.0,2.5511007712122185,0.010738327213034141,6.5410869179989435
disability_illness (No),-0.06187446209184912,0.9400008851290808,0.04426370889828105,-0.14862973735464508,0.024880813170946856,0.8618881808240484,1.025192923748701,0.0,-1.3978598638003414,0.1621551533662483,2.624553220845173
disability_illness (Yes),-0.00992669480639605,0.9901224122040649,0.044065090307690756,-0.09629268478497494,0.07643929517218284,0.9081981613812145,1.0794366613315565,0.0,-0.2252734474633206,0.821766554658529,0.28319947989672123
glasses_contact_lenses (No),0.04423175788484844,1.0452245658547832,0.028395337058896946,-0.011422080079465075,0.09988559584916196,0.9886429042232459,1.105044489167368,0.0,1.5577120212767315,0.11930152953490969,3.0673155553053233
glasses_contact_lenses (Yes),-4.068409966285138e-06,0.9999959315983097,0.0014454547900391332,-0.0028371077397238917,0.0028289709197913213,0.9971669130470723,1.002832976234106,0.0,-0.002814622770854696,0.997754258911816,0.0032435629971266527
"glasses/contacts_condition (For short-sightedness, i.e. only or mainly for distance viewing such as driving, cinema etc (called 'myopia'))",-0.013411867876526455,0.9866776704842324,0.03476940263062335,-0.08155864479652043,0.05473490904346752,0.9216786566116578,1.0562605724333074,0.0,-0.3857376561515577,0.6996909715164255,0.5152102189736045
"glasses/contacts_condition (For long-sightedness, i.e. for distance and near, but particularly for near tasks like reading (called 'hypermetropia'))",0.058540323019609444,1.0602877388359084,0.03884865902542331,-0.017601649517897153,0.13468229555711603,0.9825523546155737,1.1441732176863126,0.0,1.5068814339588794,0.13184105115324862,2.923128444769267
glasses/contacts_condition (For just reading/near work as you are getting older (called 'presbyopia')),-0.005478853450412356,0.9945361280941034,0.03218056827475902,-0.0685516082709723,0.05759390137014759,0.9337452698811194,1.0592847342726988,0.0,-0.17025347108956185,0.8648108016426201,0.20954355218144935
glasses/contacts_condition (For 'astigmatism'),-0.0063767232252940715,0.9936435649273678,0.05132145297642368,-0.10696492269335045,0.0942114762427623,0.8985571914036568,1.098792089771427,0.0,-0.12425063702353564,0.9011168302847641,0.15021393052928925
glasses/contacts_condition (For a 'squint' or 'turn' in an eye since childhood (called 'strabismus')),-1.1747272905663274e-05,0.9999882527960933,0.00497007054920652,-0.009752906549973649,0.009729412004162323,0.9902944988046086,1.009776896607284,0.0,-0.0023636028481605247,0.9981141195355323,0.0027233191288646716
glasses/contacts_condition (For a 'lazy' eye or an eye with poor vision since childhood (called 'amblyopia')),0.03278124538387772,1.0333244700175954,0.08168984463740665,-0.12732790800811178,0.19289039877586722,0.8804449203175784,1.212749867364788,0.0,0.4012891140799996,0.6882072773526935,0.5390849471525854
glasses/contacts_condition (Other eye condition),-6.178572740029101e-05,0.9999382161812984,0.059558422914176776,-0.11679414961519186,0.11667057816039128,0.8897683334668479,1.1237491811873879,0.0,-0.0010373969688439158,0.9991722771236006,0.0011946461752311134
doctor_eye_problem_diagnosis (None of the above),0.0009644591306052204,1.000964924370869,0.041789954930673875,-0.08094234744906763,0.08287126571027807,0.9222468597960044,1.0864019423632416,0.0,0.023078731054033904,0.9815874713277619,0.026811259872545255
doctor_eye_problem_diagnosis (Glaucoma),0.15421092451215726,1.1667369542495876,0.06275080216345608,0.03122161227078525,0.2772002367535293,1.0317141190623496,1.319430543074053,0.0,2.457513198165368,0.013990266996737387,6.159432693948733
doctor_eye_problem_diagnosis (Cataract),0.09363531597542693,1.0981591917700873,0.05050244220639082,-0.005347651880414625,0.1926182838312685,0.9946666213558021,1.2124199048977133,0.0,1.8540750087443862,0.06372842954029712,3.9719190809208205
doctor_eye_problem_diagnosis (Macular degeneration),-0.06777601485542391,0.9344697574818273,0.08532186722194647,-0.23500380170414753,0.09945177199329973,0.7905678441179707,1.1045651984775626,0.0,-0.794356910627837,0.4269876815751117,1.2277336456196977
doctor_eye_problem_diagnosis (Other serious eye condition),0.07288503840182287,1.0756068763212177,0.059029936476810214,-0.04281151110241237,0.1885815879060581,0.958091962746369,1.2075355992687267,0.0,1.234713143058448,0.21693728267245235,2.2046500801231317
voice_break_average (Younger than average),-0.06358417975794071,0.9383951221014969,0.07835189726216843,-0.2171510765121733,0.08998271699629186,0.8048083724781386,1.094155373250423,0.0,-0.81152061379172,0.4170667598660933,1.2616497605727428
voice_break_average (About average age),-0.05290036876987939,0.9484745054567111,0.045882323728208836,-0.14282807080417625,0.03702733326441746,0.8669031020367381,1.0377213847635174,0.0,-1.1529574893207906,0.24892783353046183,2.0062005425462006
voice_break_average (Older than average),-0.023198701134084045,0.9770683199003832,0.07093158879233297,-0.1622220605332616,0.11582465826509353,0.8502523760792954,1.1227989813508323,0.0,-0.3270574017734621,0.7436244699983032,0.4273538499603158
hair_balding_pattern (Pattern 1),0.004037240612835846,1.0040454012471711,0.03613067262035798,-0.06677757646027321,0.07485205768594491,0.9354032338986051,1.0777246980042712,0.0,0.11173997935928394,0.9110295788684895,0.13443019937361533
hair_balding_pattern (Pattern 2),5.1667554827391806e-06,1.0000051667688303,0.0018825488346604614,-0.003684561159589614,0.0036948946705550926,0.9963222185066254,1.0037017292089088,0.0,0.002744553228905248,0.9978101661015356,0.0031627266940049818
hair_balding_pattern (Pattern 3),-0.035537874400101234,0.9650861814776286,0.037945801669819146,-0.1099102790374466,0.03883453023724414,0.8959145140032088,1.0395984473087065,0.0,-0.9365429859495339,0.34899369116693957,1.5187271381213072
hair_balding_pattern (Pattern 4),-0.05316411506024948,0.9482243818104281,0.04240415683458208,-0.13627473525081835,0.029946505130319385,0.8726028647869856,1.0303994113969113,0.0,-1.2537477226028055,0.2099337160442127,2.251994208087953
gender (Female),0.1084776255374111,1.1145799701315064,0.35418186222304154,-0.5857060683970778,0.8026613194719001,0.5567126458043555,2.2314716922290367,0.0,0.3062766253939302,0.7593940348398518,0.3970794284833814
gender (Male),-0.10847762553741129,0.8971989689371614,0.3541818622230413,-0.8026613194718998,0.5857060683970773,0.4481347459985438,1.7962588195839677,0.0,-0.30627662539393097,0.7593940348398512,0.3970794284833824
